$GPRMC,064037.000,A,3602.9918,N,14007.2652,E,0.02,0.00,140710,,,A*66
$GPRMC,064038.000,A,3602.9924,N,14007.2663,E,0.02,0.00,140710,,,A*64
$PSEN,CO2,ppm, 0479
$GPRMC,064039.000,A,3602.9922,N,14007.2678,E,0.02,0.00,140710,,,A*69
$GPRMC,064040.000,A,3602.9907,N,14007.2670,E,0.05,0.00,140710,,,A*6F
$PSEN,CO2,ppm, 0479
$GPRMC,064041.000,A,3602.9913,N,14007.2667,E,0.05,0.00,140710,,,A*6D
$GPRMC,064042.000,A,3602.9914,N,14007.2681,E,0.07,0.00,140710,,,A*63
$PSEN,CO2,ppm, 0480
$GPRMC,064043.000,A,3602.9926,N,14007.2696,E,0.06,0.00,140710,,,A*64
$GPRMC,064044.000,A,3602.9924,N,14007.2696,E,0.04,0.00,140710,,,A*63
$PSEN,CO2,ppm, 0475
$GPRMC,064045.000,A,3602.9922,N,14007.2690,E,0.04,0.00,140710,,,A*62
$GPRMC,064046.000,A,3602.9921,N,14007.2702,E,0.08,0.00,140710,,,A*64
$PSEN,CO2,ppm, 0475
$GPRMC,064047.000,A,3602.9937,N,14007.2702,E,0.08,0.00,140710,,,A*62
$GPRMC,064048.000,A,3602.9943,N,14007.2710,E,0.08,0.00,140710,,,A*6D
$PSEN,CO2,ppm, 0476
$GPRMC,064049.000,A,3602.9946,N,14007.2711,E,0.08,0.00,140710,,,A*68
$GPRMC,064050.000,A,3602.9944,N,14007.2705,E,0.08,0.00,140710,,,A*67
$PSEN,CO2,ppm, 0476
$GPRMC,064051.000,A,3602.9940,N,14007.2700,E,0.08,0.00,140710,,,A*67
$GPRMC,064052.000,A,3602.9934,N,14007.2692,E,0.07,0.00,140710,,,A*62
$PSEN,CO2,ppm, 0476
$GPRMC,064053.000,A,3602.9936,N,14007.2687,E,0.07,0.00,140710,,,A*65
$PSEN,CO2,ppm, 0476
$GPRMC,064054.000,A,3602.9931,N,14007.2683,E,0.07,0.00,140710,,,A*61
$GPRMC,064055.000,A,3602.9935,N,14007.2679,E,0.07,0.00,140710,,,A*61
$PSEN,CO2,ppm, 0477
$GPRMC,064056.000,A,3602.9930,N,14007.2672,E,0.07,0.00,140710,,,A*6C
$GPRMC,064057.000,A,3602.9925,N,14007.2665,E,0.07,0.00,140710,,,A*6F
$PSEN,CO2,ppm, 0477
$GPRMC,064058.000,A,3602.9927,N,14007.2668,E,0.08,0.00,140710,,,A*60
$GPRMC,064059.000,A,3602.9922,N,14007.2665,E,0.08,0.00,140710,,,A*69
$PSEN,CO2,ppm, 0478
$GPRMC,064100.000,A,3602.9920,N,14007.2660,E,0.08,0.00,140710,,,A*63
$GPRMC,064101.000,A,3602.9918,N,14007.2659,E,0.08,0.00,140710,,,A*63
$PSEN,CO2,ppm, 0478
$GPRMC,064102.000,A,3602.9912,N,14007.2653,E,0.08,0.00,140710,,,A*60
$GPRMC,064103.000,A,3602.9914,N,14007.2656,E,0.08,0.00,140710,,,A*62
$PSEN,CO2,ppm, 0474
$GPRMC,064104.000,A,3602.9924,N,14007.2660,E,0.08,0.00,140710,,,A*63
$GPRMC,064105.000,A,3602.9923,N,14007.2663,E,0.08,0.00,140710,,,A*66
$PSEN,CO2,ppm, 0473
$GPRMC,064106.000,A,3602.9924,N,14007.2666,E,0.08,0.00,140710,,,A*67
$GPRMC,064107.000,A,3602.9910,N,14007.2661,E,0.08,0.00,140710,,,A*66
$PSEN,CO2,ppm, 0473
$GPRMC,064108.000,A,3602.9914,N,14007.2666,E,0.08,0.00,140710,,,A*6A
$GPRMC,064109.000,A,3602.9919,N,14007.2676,E,0.08,0.00,140710,,,A*67
$PSEN,Batt,V,3.92
$PSEN,CO2,ppm, 0473
$GPRMC,064110.000,A,3602.9916,N,14007.2686,E,0.08,0.00,140710,,,A*6F
$GPRMC,064111.000,A,3602.9916,N,14007.2684,E,0.08,0.00,140710,,,A*6C
$PSEN,CO2,ppm, 0473
$GPRMC,064112.000,A,3602.9917,N,14007.2682,E,0.08,0.00,140710,,,A*68
$GPRMC,064113.000,A,3602.9918,N,14007.2683,E,0.08,0.00,140710,,,A*67
$PSEN,CO2,ppm, 0473
$GPRMC,064114.000,A,3602.9917,N,14007.2681,E,0.07,0.00,140710,,,A*62
$GPRMC,064115.000,A,3602.9919,N,14007.2688,E,0.08,0.00,140710,,,A*6B
$PSEN,CO2,ppm, 0474
$GPRMC,064116.000,A,3602.9919,N,14007.2699,E,0.08,0.00,140710,,,A*68
$GPRMC,064117.000,A,3602.9921,N,14007.2695,E,0.08,0.00,140710,,,A*6E
$PSEN,CO2,ppm, 0471
$GPRMC,064118.000,A,3602.9924,N,14007.2697,E,0.08,0.00,140710,,,A*66
$GPRMC,064119.000,A,3602.9929,N,14007.2708,E,0.08,0.00,140710,,,A*6D
$PSEN,CO2,ppm, 0471
$GPRMC,064120.000,A,3602.9932,N,14007.2717,E,0.08,0.00,140710,,,A*63
$GPRMC,064121.000,A,3602.9937,N,14007.2720,E,0.08,0.00,140710,,,A*63
$PSEN,CO2,ppm, 0473
$GPRMC,064122.000,A,3602.9938,N,14007.2720,E,0.08,0.00,140710,,,A*6F
$GPRMC,064123.000,A,3602.9936,N,14007.2718,E,0.08,0.00,140710,,,A*6B
$PSEN,CO2,ppm, 0474
$GPRMC,064124.000,A,3602.9936,N,14007.2719,E,0.08,0.00,140710,,,A*6D
$GPRMC,064125.000,A,3602.9935,N,14007.2716,E,0.08,0.00,140710,,,A*60
$PSEN,CO2,ppm, 0474
$GPRMC,064126.000,A,3602.9934,N,14007.2715,E,0.08,0.00,140710,,,A*61
$GPRMC,064127.000,A,3602.9936,N,14007.2719,E,0.08,0.00,140710,,,A*6E
$PSEN,CO2,ppm, 0475
$GPRMC,064128.000,A,3602.9939,N,14007.2720,E,0.08,0.00,140710,,,A*64
$GPRMC,064129.000,A,3602.9947,N,14007.2734,E,0.08,0.00,140710,,,A*69
$PSEN,CO2,ppm, 0476
$GPRMC,064130.000,A,3602.9951,N,14007.2736,E,0.08,0.00,140710,,,A*64
$GPRMC,064131.000,A,3602.9946,N,14007.2730,E,0.08,0.00,140710,,,A*65
$PSEN,CO2,ppm, 0476
$GPRMC,064132.000,A,3602.9946,N,14007.2733,E,0.08,0.00,140710,,,A*65
$GPRMC,064133.000,A,3602.9944,N,14007.2731,E,0.08,0.00,140710,,,A*64
$PSEN,CO2,ppm, 0475
$GPRMC,064134.000,A,3602.9937,N,14007.2729,E,0.08,0.00,140710,,,A*6E
$PSEN,CO2,ppm, 0476
$GPRMC,064135.000,A,3602.9939,N,14007.2722,E,0.08,0.00,140710,,,A*6A
$GPRMC,064136.000,A,3602.9942,N,14007.2724,E,0.08,0.00,140710,,,A*63
$PSEN,CO2,ppm, 0476
$GPRMC,064137.000,A,3602.9945,N,14007.2721,E,0.08,0.00,140710,,,A*60
$GPRMC,064138.000,A,3602.9950,N,14007.2721,E,0.08,0.00,140710,,,A*6B
$PSEN,CO2,ppm, 0478
$GPRMC,064139.000,A,3602.9953,N,14007.2723,E,0.08,0.00,140710,,,A*6B
$GPRMC,064140.000,A,3602.9951,N,14007.2722,E,0.08,0.00,140710,,,A*66
$PSEN,CO2,ppm, 0478
$GPRMC,064141.000,A,3602.9954,N,14007.2720,E,0.08,0.00,140710,,,A*60
$GPRMC,064142.000,A,3602.9953,N,14007.2716,E,0.08,0.00,140710,,,A*61
$PSEN,CO2,ppm, 0475
$GPRMC,064143.000,A,3602.9955,N,14007.2718,E,0.08,0.00,140710,,,A*68
$GPRMC,064144.000,A,3602.9956,N,14007.2717,E,0.08,0.00,140710,,,A*63
$PSEN,CO2,ppm, 0472
$GPRMC,064145.000,A,3602.9956,N,14007.2718,E,0.08,0.00,140710,,,A*6D
$GPRMC,064146.000,A,3602.9955,N,14007.2723,E,0.08,0.00,140710,,,A*65
$PSEN,CO2,ppm, 0472
$GPRMC,064147.000,A,3602.9950,N,14007.2715,E,0.08,0.00,140710,,,A*64
$GPRMC,064148.000,A,3602.9953,N,14007.2722,E,0.08,0.00,140710,,,A*6C
$PSEN,CO2,ppm, 0513
$GPRMC,064149.000,A,3602.9946,N,14007.2718,E,0.08,0.00,140710,,,A*60
$GPRMC,064150.000,A,3602.9947,N,14007.2718,E,0.08,0.00,140710,,,A*69
$PSEN,CO2,ppm, 0509
$GPRMC,064151.000,A,3602.9946,N,14007.2710,E,0.08,0.00,140710,,,A*61
$GPRMC,064152.000,A,3602.9935,N,14007.2704,E,0.08,0.00,140710,,,A*63
$PSEN,CO2,ppm, 0509
$GPRMC,064153.000,A,3602.9943,N,14007.2711,E,0.08,0.00,140710,,,A*67
$GPRMC,064154.000,A,3602.9945,N,14007.2715,E,0.08,0.00,140710,,,A*62
$PSEN,CO2,ppm, 0505
$GPRMC,064155.000,A,3602.9951,N,14007.2727,E,0.08,0.00,140710,,,A*67
$GPRMC,064156.000,A,3602.9951,N,14007.2724,E,0.08,0.00,140710,,,A*67
$PSEN,CO2,ppm, 0501
$GPRMC,064157.000,A,3602.9950,N,14007.2722,E,0.08,0.00,140710,,,A*61
$GPRMC,064158.000,A,3602.9950,N,14007.2726,E,0.08,0.00,140710,,,A*6A
$PSEN,CO2,ppm, 0501
$GPRMC,064159.000,A,3602.9946,N,14007.2725,E,0.08,0.00,140710,,,A*6F
$GPRMC,064200.000,A,3602.9947,N,14007.2729,E,0.08,0.00,140710,,,A*6D
$PSEN,CO2,ppm, 0502
$GPRMC,064201.000,A,3602.9943,N,14007.2723,E,0.08,0.00,140710,,,A*62
$GPRMC,064202.000,A,3602.9936,N,14007.2723,E,0.08,0.00,140710,,,A*63
$PSEN,CO2,ppm, 0503
$GPRMC,064203.000,A,3602.9931,N,14007.2717,E,0.08,0.00,140710,,,A*62
$GPRMC,064204.000,A,3602.9919,N,14007.2716,E,0.08,0.00,140710,,,A*6E
$PSEN,CO2,ppm, 0503
$GPRMC,064205.000,A,3602.9922,N,14007.2721,E,0.08,0.00,140710,,,A*63
$GPRMC,064206.000,A,3602.9922,N,14007.2725,E,0.08,0.00,140710,,,A*64
$PSEN,CO2,ppm, 0504
$GPRMC,064207.000,A,3602.9913,N,14007.2724,E,0.08,0.00,140710,,,A*66
$GPRMC,064208.000,A,3602.9907,N,14007.2722,E,0.08,0.00,140710,,,A*6A
$PSEN,Batt,V,3.90
$PSEN,CO2,ppm, 0504
$GPRMC,064209.000,A,3602.9904,N,14007.2721,E,0.08,0.00,140710,,,A*6B
$GPRMC,064210.000,A,3602.9901,N,14007.2716,E,0.08,0.00,140710,,,A*62
$PSEN,CO2,ppm, 0504
$GPRMC,064211.000,A,3602.9899,N,14007.2719,E,0.08,0.00,140710,,,A*6C
$GPRMC,064212.000,A,3602.9899,N,14007.2721,E,0.08,0.00,140710,,,A*64
$PSEN,CO2,ppm, 0505
$GPRMC,064213.000,A,3602.9900,N,14007.2722,E,0.08,0.00,140710,,,A*67
$GPRMC,064214.000,A,3602.9900,N,14007.2724,E,0.08,0.00,140710,,,A*66
$PSEN,CO2,ppm, 0505
$GPRMC,064215.000,A,3602.9903,N,14007.2731,E,0.08,0.00,140710,,,A*60
$GPRMC,064216.000,A,3602.9908,N,14007.2736,E,0.08,0.00,140710,,,A*6F
$PSEN,CO2,ppm, 0505
$GPRMC,064217.000,A,3602.9912,N,14007.2740,E,0.08,0.00,140710,,,A*64
$PSEN,CO2,ppm, 0465
$GPRMC,064218.000,A,3602.9914,N,14007.2745,E,0.08,0.00,140710,,,A*68
$GPRMC,064219.000,A,3602.9912,N,14007.2746,E,0.08,0.00,140710,,,A*6C
$PSEN,CO2,ppm, 0470
$GPRMC,064220.000,A,3602.9914,N,14007.2754,E,0.08,0.00,140710,,,A*63
$GPRMC,064221.000,A,3602.9913,N,14007.2757,E,0.09,0.00,140710,,,A*67
$PSEN,CO2,ppm, 0470
$GPRMC,064222.000,A,3602.9910,N,14007.2759,E,0.09,0.00,140710,,,A*69
$GPRMC,064223.000,A,3602.9904,N,14007.2763,E,0.09,0.00,140710,,,A*64
$PSEN,CO2,ppm, 0474
$GPRMC,064224.000,A,3602.9903,N,14007.2766,E,0.09,0.00,140710,,,A*61
$GPRMC,064225.000,A,3602.9894,N,14007.2765,E,0.09,0.00,140710,,,A*6C
$PSEN,CO2,ppm, 0474
$GPRMC,064226.000,A,3602.9887,N,14007.2765,E,0.09,0.00,140710,,,A*6D
$GPRMC,064227.000,A,3602.9884,N,14007.2767,E,0.09,0.00,140710,,,A*6D
$PSEN,CO2,ppm, 0474
$GPRMC,064228.000,A,3602.9881,N,14007.2773,E,0.09,0.00,140710,,,A*62
$GPRMC,064229.000,A,3602.9880,N,14007.2778,E,0.09,104.28,140710,,,A*66
$PSEN,CO2,ppm, 0477
$GPRMC,064230.000,A,3602.9876,N,14007.2785,E,2.27,111.70,140710,,,A*62
$GPRMC,064231.000,A,3602.9877,N,14007.2791,E,2.16,109.36,140710,,,A*6E
$PSEN,CO2,ppm, 0477
$GPRMC,064232.000,A,3602.9895,N,14007.2767,E,1.37,109.36,140710,,,A*68
$GPRMC,064233.000,A,3602.9913,N,14007.2744,E,1.37,109.36,140710,,,A*67
$PSEN,CO2,ppm, 0474
$GPRMC,064234.000,A,3602.9922,N,14007.2737,E,1.37,109.36,140710,,,A*66
$GPRMC,064235.000,A,3602.9927,N,14007.2735,E,1.37,109.36,140710,,,A*60
$PSEN,CO2,ppm, 0473
$GPRMC,064236.000,A,3602.9935,N,14007.2729,E,1.37,109.36,140710,,,A*6D
$GPRMC,064237.000,A,3602.9939,N,14007.2719,E,1.37,109.36,140710,,,A*63
$PSEN,CO2,ppm, 0473
$GPRMC,064238.000,A,3602.9943,N,14007.2719,E,1.37,109.36,140710,,,A*61
$GPRMC,064239.000,A,3602.9950,N,14007.2716,E,1.37,109.36,140710,,,A*6D
$PSEN,CO2,ppm, 0470
$GPRMC,064240.000,A,3602.9959,N,14007.2696,E,1.37,109.36,140710,,,A*63
$GPRMC,064241.000,A,3602.9956,N,14007.2681,E,1.37,109.36,140710,,,A*6B
$PSEN,CO2,ppm, 0470
$GPRMC,064242.000,A,3602.9960,N,14007.2679,E,1.37,109.36,140710,,,A*6A
$GPRMC,064243.000,A,3602.9961,N,14007.2676,E,1.37,109.36,140710,,,A*65
$PSEN,CO2,ppm, 0470
$GPRMC,064244.000,A,3602.9963,N,14007.2671,E,1.37,109.36,140710,,,A*67
$GPRMC,064245.000,A,3602.9965,N,14007.2664,E,1.37,109.36,140710,,,A*64
$PSEN,CO2,ppm, 0471
$GPRMC,064246.000,A,3602.9970,N,14007.2661,E,1.37,109.36,140710,,,A*66
$GPRMC,064247.000,A,3602.9976,N,14007.2659,E,1.37,109.36,140710,,,A*6A
$PSEN,CO2,ppm, 0471
$GPRMC,064248.000,A,3602.9978,N,14007.2660,E,1.36,109.36,140710,,,A*60
$GPRMC,064249.000,A,3602.9982,N,14007.2663,E,1.36,109.36,140710,,,A*67
$PSEN,CO2,ppm, 0471
$GPRMC,064250.000,A,3602.9980,N,14007.2670,E,1.37,109.36,140710,,,A*6E
$GPRMC,064251.000,A,3602.9986,N,14007.2676,E,1.37,109.36,140710,,,A*6F
$PSEN,CO2,ppm, 0471
$GPRMC,064252.000,A,3602.9990,N,14007.2683,E,1.37,109.36,140710,,,A*61
$GPRMC,064253.000,A,3602.9994,N,14007.2691,E,1.38,58.07,140710,,,A*5F
$PSEN,CO2,ppm, 0468
$GPRMC,064254.000,A,3602.9999,N,14007.2700,E,2.08,59.43,140710,,,A*5D
$GPRMC,064255.000,A,3603.0000,N,14007.2707,E,2.12,61.71,140710,,,A*5B
$PSEN,CO2,ppm, 0468
$GPRMC,064256.000,A,3602.9997,N,14007.2713,E,2.11,67.37,140710,,,A*55
$GPRMC,064257.000,A,3602.9998,N,14007.2721,E,2.14,69.41,140710,,,A*50
$PSEN,CO2,ppm, 0465
$GPRMC,064258.000,A,3603.0000,N,14007.2729,E,2.21,70.04,140710,,,A*58
$PSEN,CO2,ppm, 0467
$GPRMC,064259.000,A,3602.9996,N,14007.2736,E,2.22,72.18,140710,,,A*55
$GPRMC,064300.000,A,3602.9998,N,14007.2744,E,2.24,71.89,140710,,,A*5E
$PSEN,CO2,ppm, 0467
$GPRMC,064301.000,A,3603.0000,N,14007.2753,E,2.31,71.78,140710,,,A*53
$GPRMC,064302.000,A,3603.0001,N,14007.2763,E,2.42,72.61,140710,,,A*5D
$PSEN,CO2,ppm, 0471
$GPRMC,064303.000,A,3603.0004,N,14007.2772,E,2.52,71.80,140710,,,A*54
$GPRMC,064304.000,A,3603.0018,N,14007.2798,E,3.10,68.89,140710,,,A*5C
$PSEN,CO2,ppm, 0471
$GPRMC,064305.000,A,3603.0022,N,14007.2806,E,3.29,69.48,140710,,,A*5A
$GPRMC,064306.000,A,3603.0023,N,14007.2815,E,3.25,72.23,140710,,,A*51
$PSEN,Batt,V,3.92
$PSEN,CO2,ppm, 0470
$GPRMC,064307.000,A,3603.0038,N,14007.2814,E,3.51,54.75,140710,,,A*5F
$GPRMC,064308.000,A,3603.0079,N,14007.2794,E,3.51,33.85,140710,,,A*5C
$PSEN,CO2,ppm, 0471
$GPRMC,064309.000,A,3603.0089,N,14007.2808,E,3.35,39.58,140710,,,A*50
$GPRMC,064310.000,A,3603.0097,N,14007.2820,E,3.06,53.57,140710,,,A*5E
$PSEN,CO2,ppm, 0471
$GPRMC,064311.000,A,3603.0100,N,14007.2831,E,2.93,69.44,140710,,,A*56
$GPRMC,064312.000,A,3603.0105,N,14007.2844,E,3.07,69.01,140710,,,A*5F
$PSEN,CO2,ppm, 0467
$GPRMC,064313.000,A,3603.0112,N,14007.2856,E,3.13,69.59,140710,,,A*53
$GPRMC,064314.000,A,3603.0119,N,14007.2864,E,3.45,55.34,140710,,,A*59
$PSEN,CO2,ppm, 0472
$GPRMC,064315.000,A,3603.0126,N,14007.2875,E,3.54,57.02,140710,,,A*53
$GPRMC,064316.000,A,3603.0127,N,14007.2894,E,4.37,42.44,140710,,,A*5A
$PSEN,CO2,ppm, 0472
$GPRMC,064317.000,A,3603.0137,N,14007.2902,E,4.26,43.99,140710,,,A*55
$GPRMC,064318.000,A,3603.0146,N,14007.2911,E,4.06,47.95,140710,,,A*54
$PSEN,CO2,ppm, 0473
$GPRMC,064319.000,A,3603.0152,N,14007.2922,E,3.55,56.94,140710,,,A*50
$GPRMC,064320.000,A,3603.0157,N,14007.2934,E,3.90,67.05,140710,,,A*5B
$PSEN,CO2,ppm, 0474
$GPRMC,064321.000,A,3603.0156,N,14007.2938,E,4.35,68.04,140710,,,A*51
$GPRMC,064322.000,A,3603.0159,N,14007.2946,E,3.85,65.54,140710,,,A*50
$PSEN,CO2,ppm, 0474
$GPRMC,064323.000,A,3603.0159,N,14007.2947,E,3.42,63.12,140710,,,A*5F
$GPRMC,064324.000,A,3603.0155,N,14007.2944,E,3.31,68.45,140710,,,A*5A
$PSEN,CO2,ppm, 0474
$GPRMC,064325.000,A,3603.0152,N,14007.2944,E,3.00,71.29,140710,,,A*5C
$GPRMC,064326.000,A,3603.0167,N,14007.2985,E,3.46,73.33,140710,,,A*5F
$PSEN,CO2,ppm, 0475
$GPRMC,064327.000,A,3603.0163,N,14007.2992,E,3.67,80.72,140710,,,A*56
$GPRMC,064328.000,A,3603.0159,N,14007.2999,E,4.08,83.38,140710,,,A*58
$PSEN,CO2,ppm, 0475
$GPRMC,064329.000,A,3603.0146,N,14007.2995,E,3.99,85.51,140710,,,A*5D
$GPRMC,064330.000,A,3603.0146,N,14007.3007,E,3.97,84.57,140710,,,A*5F
$PSEN,CO2,ppm, 0474
$GPRMC,064331.000,A,3603.0146,N,14007.3018,E,3.90,81.04,140710,,,A*54
$GPRMC,064332.000,A,3603.0146,N,14007.3030,E,3.77,81.63,140710,,,A*55
$PSEN,CO2,ppm, 0470
$GPRMC,064333.000,A,3603.0148,N,14007.3041,E,3.45,78.50,140710,,,A*5B
$GPRMC,064334.000,A,3603.0156,N,14007.3056,E,3.59,69.36,140710,,,A*58
$PSEN,CO2,ppm, 0470
$GPRMC,064335.000,A,3603.0159,N,14007.3069,E,3.91,67.39,140710,,,A*5F
$GPRMC,064336.000,A,3603.0163,N,14007.3085,E,4.48,69.12,140710,,,A*53
$PSEN,CO2,ppm, 0470
$GPRMC,064337.000,A,3603.0158,N,14007.3100,E,4.45,76.98,140710,,,A*57
$GPRMC,064338.000,A,3603.0153,N,14007.3104,E,3.55,82.02,140710,,,A*59
$PSEN,CO2,ppm, 0469
$GPRMC,064339.000,A,3603.0155,N,14007.3116,E,3.77,78.39,140710,,,A*50
$PSEN,CO2,ppm, 0469
$GPRMC,064340.000,A,3603.0153,N,14007.3122,E,3.37,80.77,140710,,,A*56
$GPRMC,064341.000,A,3603.0152,N,14007.3132,E,3.53,79.40,140710,,,A*57
$PSEN,CO2,ppm, 0470
$GPRMC,064342.000,A,3603.0149,N,14007.3142,E,3.38,83.69,140710,,,A*5A
$GPRMC,064343.000,A,3603.0150,N,14007.3153,E,3.49,75.82,140710,,,A*59
$PSEN,CO2,ppm, 0466
$GPRMC,064344.000,A,3603.0151,N,14007.3165,E,3.87,76.09,140710,,,A*58
$GPRMC,064345.000,A,3603.0150,N,14007.3174,E,4.04,76.85,140710,,,A*50
$PSEN,CO2,ppm, 0466
$GPRMC,064346.000,A,3603.0154,N,14007.3194,E,4.05,76.62,140710,,,A*51
$GPRMC,064347.000,A,3603.0159,N,14007.3218,E,3.75,75.80,140710,,,A*55
$PSEN,CO2,ppm, 0467
$GPRMC,064348.000,A,3603.0141,N,14007.3228,E,3.86,84.61,140710,,,A*5D
$GPRMC,064349.000,A,3603.0133,N,14007.3243,E,4.36,86.81,140710,,,A*54
$PSEN,CO2,ppm, 0467
$GPRMC,064350.000,A,3603.0122,N,14007.3256,E,4.21,94.47,140710,,,A*57
$GPRMC,064351.000,A,3603.0123,N,14007.3273,E,4.09,95.21,140710,,,A*5B
$PSEN,CO2,ppm, 0467
$GPRMC,064352.000,A,3603.0125,N,14007.3294,E,4.23,95.25,140710,,,A*5B
$GPRMC,064353.000,A,3603.0121,N,14007.3301,E,3.88,96.53,140710,,,A*57
$PSEN,CO2,ppm, 0467
$GPRMC,064354.000,A,3603.0075,N,14007.3300,E,4.51,110.85,140710,,,A*66
$GPRMC,064355.000,A,3603.0090,N,14007.3315,E,4.36,98.16,140710,,,A*52
$PSEN,CO2,ppm, 0467
$GPRMC,064356.000,A,3603.0090,N,14007.3326,E,4.54,91.86,140710,,,A*55
$GPRMC,064357.000,A,3603.0094,N,14007.3336,E,4.64,84.68,140710,,,A*56
$PSEN,CO2,ppm, 0467
$GPRMC,064358.000,A,3603.0098,N,14007.3342,E,4.41,77.60,140710,,,A*55
$GPRMC,064359.000,A,3603.0102,N,14007.3344,E,4.13,76.93,140710,,,A*5A
$PSEN,CO2,ppm, 0467
$GPRMC,064400.000,A,3603.0106,N,14007.3351,E,3.85,76.37,140710,,,A*57
$GPRMC,064401.000,A,3603.0114,N,14007.3356,E,4.26,76.48,140710,,,A*54
$PSEN,CO2,ppm, 0467
$GPRMC,064402.000,A,3603.0118,N,14007.3367,E,4.35,77.76,140710,,,A*57
$GPRMC,064403.000,A,3603.0122,N,14007.3379,E,4.11,73.71,140710,,,A*55
$PSEN,CO2,ppm, 0464
$GPRMC,064404.000,A,3603.0126,N,14007.3389,E,4.02,68.25,140710,,,A*50
$GPRMC,064405.000,A,3603.0131,N,14007.3400,E,4.00,65.16,140710,,,A*5E
$PSEN,Batt,V,3.90
$PSEN,CO2,ppm, 0464
$GPRMC,064406.000,A,3603.0136,N,14007.3403,E,3.43,62.07,140710,,,A*5E
$GPRMC,064407.000,A,3603.0141,N,14007.3404,E,3.89,64.97,140710,,,A*51
$PSEN,CO2,ppm, 0464
$GPRMC,064408.000,A,3603.0145,N,14007.3412,E,4.13,66.62,140710,,,A*51
$GPRMC,064409.000,A,3603.0150,N,14007.3418,E,4.03,64.95,140710,,,A*55
$PSEN,CO2,ppm, 0463
$GPRMC,064410.000,A,3603.0154,N,14007.3418,E,4.23,61.89,140710,,,A*53
$GPRMC,064411.000,A,3603.0169,N,14007.3421,E,3.81,63.12,140710,,,A*59
$PSEN,CO2,ppm, 0465
$GPRMC,064412.000,A,3603.0174,N,14007.3424,E,3.66,64.44,140710,,,A*5E
$GPRMC,064413.000,A,3603.0177,N,14007.3427,E,3.47,68.34,140710,,,A*57
$PSEN,CO2,ppm, 0465
$GPRMC,064414.000,A,3603.0184,N,14007.3430,E,3.65,62.72,140710,,,A*52
$GPRMC,064415.000,A,3603.0188,N,14007.3434,E,3.92,63.86,140710,,,A*59
$PSEN,CO2,ppm, 0465
$GPRMC,064416.000,A,3603.0203,N,14007.3446,E,3.71,65.49,140710,,,A*57
$GPRMC,064417.000,A,3603.0214,N,14007.3462,E,3.44,67.79,140710,,,A*51
$PSEN,CO2,ppm, 0467
$GPRMC,064418.000,A,3603.0224,N,14007.3467,E,3.43,66.85,140710,,,A*5D
$GPRMC,064419.000,A,3603.0232,N,14007.3474,E,3.19,72.12,140710,,,A*5D
$PSEN,CO2,ppm, 0467
$GPRMC,064420.000,A,3603.0242,N,14007.3478,E,3.11,69.63,140710,,,A*58
$GPRMC,064421.000,A,3603.0247,N,14007.3492,E,3.46,64.05,140710,,,A*57
$PSEN,CO2,ppm, 0467
$GPRMC,064422.000,A,3603.0253,N,14007.3507,E,3.59,63.00,140710,,,A*50
$PSEN,CO2,ppm, 0465
$GPRMC,064423.000,A,3603.0258,N,14007.3514,E,3.54,64.09,140710,,,A*5B
$GPRMC,064424.000,A,3603.0261,N,14007.3524,E,3.55,67.99,140710,,,A*5E
$PSEN,CO2,ppm, 0465
$GPRMC,064425.000,A,3603.0261,N,14007.3533,E,3.24,64.37,140710,,,A*58
$GPRMC,064426.000,A,3603.0255,N,14007.3534,E,3.48,74.46,140710,,,A*56
$PSEN,CO2,ppm, 0462
$GPRMC,064427.000,A,3603.0254,N,14007.3545,E,3.42,84.34,140710,,,A*50
$GPRMC,064428.000,A,3603.0254,N,14007.3556,E,3.68,86.20,140710,,,A*52
$PSEN,CO2,ppm, 0462
$GPRMC,064429.000,A,3603.0257,N,14007.3574,E,3.41,79.22,140710,,,A*59
$GPRMC,064430.000,A,3603.0261,N,14007.3590,E,3.55,76.57,140710,,,A*56
$PSEN,CO2,ppm, 0464
$GPRMC,064431.000,A,3603.0262,N,14007.3599,E,3.54,64.18,140710,,,A*54
$GPRMC,064432.000,A,3603.0265,N,14007.3592,E,3.22,48.69,140710,,,A*52
$PSEN,CO2,ppm, 0466
$GPRMC,064433.000,A,3603.0267,N,14007.3596,E,2.71,56.95,140710,,,A*5E
$GPRMC,064434.000,A,3603.0270,N,14007.3606,E,2.43,74.16,140710,,,A*5F
$PSEN,CO2,ppm, 0466
$GPRMC,064435.000,A,3603.0273,N,14007.3620,E,2.64,72.01,140710,,,A*5C
$GPRMC,064436.000,A,3603.0276,N,14007.3630,E,3.19,72.41,140710,,,A*54
$PSEN,CO2,ppm, 0469
$GPRMC,064437.000,A,3603.0242,N,14007.3623,E,2.55,77.55,140710,,,A*59
$GPRMC,064438.000,A,3603.0253,N,14007.3639,E,3.68,60.90,140710,,,A*5D
$PSEN,CO2,ppm, 0467
$GPRMC,064439.000,A,3603.0258,N,14007.3655,E,3.16,78.23,140710,,,A*55
$GPRMC,064440.000,A,3603.0252,N,14007.3659,E,3.84,90.57,140710,,,A*53
$PSEN,CO2,ppm, 0467
$GPRMC,064441.000,A,3603.0243,N,14007.3666,E,3.93,97.50,140710,,,A*58
$GPRMC,064442.000,A,3603.0240,N,14007.3677,E,3.95,95.54,140710,,,A*58
$PSEN,CO2,ppm, 0467
$GPRMC,064443.000,A,3603.0242,N,14007.3689,E,3.65,87.49,140710,,,A*5A
$GPRMC,064444.000,A,3603.0242,N,14007.3699,E,3.20,85.43,140710,,,A*55
$PSEN,CO2,ppm, 0468
$GPRMC,064445.000,A,3603.0238,N,14007.3708,E,3.30,101.31,140710,,,A*69
$GPRMC,064446.000,A,3603.0234,N,14007.3711,E,2.19,118.60,140710,,,A*68
$PSEN,CO2,ppm, 0468
$GPRMC,064447.000,A,3603.0230,N,14007.3715,E,0.10,118.60,140710,,,A*62
$GPRMC,064448.000,A,3603.0241,N,14007.3721,E,0.10,118.60,140710,,,A*6C
$PSEN,CO2,ppm, 0465
$GPRMC,064449.000,A,3603.0236,N,14007.3719,E,0.10,118.60,140710,,,A*66
$GPRMC,064450.000,A,3603.0236,N,14007.3728,E,0.10,118.60,140710,,,A*6C
$PSEN,CO2,ppm, 0465
$GPRMC,064451.000,A,3603.0239,N,14007.3742,E,0.11,92.71,140710,,,A*5C
$GPRMC,064452.000,A,3603.0251,N,14007.3770,E,2.63,74.18,140710,,,A*50
$PSEN,CO2,ppm, 0465
$GPRMC,064453.000,A,3603.0249,N,14007.3778,E,1.98,76.63,140710,,,A*59
$GPRMC,064454.000,A,3603.0248,N,14007.3790,E,1.30,76.63,140710,,,A*5B
$PSEN,CO2,ppm, 0467
$GPRMC,064455.000,A,3603.0239,N,14007.3805,E,1.30,76.63,140710,,,A*5F
$GPRMC,064456.000,A,3603.0236,N,14007.3816,E,0.07,76.63,140710,,,A*54
$PSEN,CO2,ppm, 0471
$GPRMC,064457.000,A,3603.0235,N,14007.3826,E,0.09,76.63,140710,,,A*5B
$GPRMC,064458.000,A,3603.0229,N,14007.3828,E,1.53,76.63,140710,,,A*59
$PSEN,CO2,ppm, 0471
$GPRMC,064459.000,A,3603.0229,N,14007.3834,E,1.53,76.63,140710,,,A*55
$GPRMC,064500.000,A,3603.0226,N,14007.3837,E,1.53,76.63,140710,,,A*54
$PSEN,CO2,ppm, 0467
$GPRMC,064501.000,A,3603.0226,N,14007.3838,E,1.53,76.63,140710,,,A*5A
$GPRMC,064502.000,A,3603.0227,N,14007.3838,E,1.52,76.63,140710,,,A*59
$PSEN,CO2,ppm, 0463
$GPRMC,064503.000,A,3603.0228,N,14007.3839,E,1.52,76.63,140710,,,A*56
$PSEN,Batt,V,3.92
$PSEN,CO2,ppm, 0463
$GPRMC,064504.000,A,3603.0229,N,14007.3840,E,1.52,76.63,140710,,,A*5E
$GPRMC,064505.000,A,3603.0232,N,14007.3840,E,1.52,76.63,140710,,,A*55
$PSEN,CO2,ppm, 0462
$GPRMC,064506.000,A,3603.0240,N,14007.3839,E,1.52,76.63,140710,,,A*5D
$GPRMC,064507.000,A,3603.0249,N,14007.3840,E,1.63,76.63,140710,,,A*59
$PSEN,CO2,ppm, 0462
$GPRMC,064508.000,A,3603.0250,N,14007.3814,E,1.63,76.63,140710,,,A*5F
$GPRMC,064509.000,A,3603.0255,N,14007.3815,E,1.64,76.63,140710,,,A*5D
$PSEN,CO2,ppm, 0462
$GPRMC,064510.000,A,3603.0256,N,14007.3808,E,1.64,76.63,140710,,,A*5A
$GPRMC,064511.000,A,3603.0264,N,14007.3809,E,1.64,57.16,140710,,,A*5A
$PSEN,CO2,ppm, 0458
$GPRMC,064512.000,A,3603.0269,N,14007.3814,E,1.58,57.16,140710,,,A*57
$GPRMC,064513.000,A,3603.0272,N,14007.3821,E,1.58,57.16,140710,,,A*5A
$PSEN,CO2,ppm, 0458
$GPRMC,064514.000,A,3603.0272,N,14007.3829,E,1.58,57.16,140710,,,A*55
$GPRMC,064515.000,A,3603.0269,N,14007.3841,E,1.58,57.16,140710,,,A*50
$PSEN,CO2,ppm, 0458
$GPRMC,064516.000,A,3603.0239,N,14007.3851,E,1.58,57.16,140710,,,A*57
$GPRMC,064517.000,A,3603.0254,N,14007.3862,E,1.58,57.16,140710,,,A*5D
$PSEN,CO2,ppm, 0457
$GPRMC,064518.000,A,3603.0253,N,14007.3867,E,1.58,57.16,140710,,,A*50
$GPRMC,064519.000,A,3603.0261,N,14007.3865,E,1.58,57.16,140710,,,A*52
$PSEN,CO2,ppm, 0457
$GPRMC,064520.000,A,3603.0265,N,14007.3874,E,1.58,57.16,140710,,,A*5C
$GPRMC,064521.000,A,3603.0265,N,14007.3882,E,1.58,57.16,140710,,,A*54
$PSEN,CO2,ppm, 0460
$GPRMC,064522.000,A,3603.0264,N,14007.3880,E,1.58,57.16,140710,,,A*54
$GPRMC,064523.000,A,3603.0267,N,14007.3892,E,1.58,57.16,140710,,,A*55
$PSEN,CO2,ppm, 0460
$GPRMC,064524.000,A,3603.0265,N,14007.3904,E,1.58,57.16,140710,,,A*5E
$GPRMC,064525.000,A,3603.0265,N,14007.3910,E,1.58,57.16,140710,,,A*5A
$PSEN,CO2,ppm, 0460
$GPRMC,064526.000,A,3603.0259,N,14007.3922,E,1.58,57.16,140710,,,A*57
$GPRMC,064527.000,A,3603.0261,N,14007.3935,E,1.58,57.16,140710,,,A*5B
$PSEN,CO2,ppm, 0456
$GPRMC,064528.000,A,3603.0251,N,14007.3918,E,0.08,57.16,140710,,,A*5C
$GPRMC,064529.000,A,3603.0250,N,14007.3916,E,0.06,57.16,140710,,,A*5C
$PSEN,CO2,ppm, 0453
$GPRMC,064530.000,A,3603.0250,N,14007.3917,E,0.06,57.16,140710,,,A*55
$GPRMC,064531.000,A,3603.0250,N,14007.3919,E,0.05,57.16,140710,,,A*59
$PSEN,CO2,ppm, 0453
$GPRMC,064532.000,A,3603.0253,N,14007.3916,E,0.07,57.16,140710,,,A*54
$GPRMC,064533.000,A,3603.0237,N,14007.3909,E,0.07,57.16,140710,,,A*59
$PSEN,CO2,ppm, 0457
$GPRMC,064534.000,A,3603.0224,N,14007.3900,E,0.07,57.16,140710,,,A*55
$GPRMC,064535.000,A,3603.0225,N,14007.3914,E,0.07,57.16,140710,,,A*50
$PSEN,CO2,ppm, 0456
$GPRMC,064536.000,A,3603.0217,N,14007.3913,E,0.07,57.16,140710,,,A*55
$GPRMC,064537.000,A,3603.0216,N,14007.3921,E,0.07,57.16,140710,,,A*54
$PSEN,CO2,ppm, 0456
$GPRMC,064538.000,A,3603.0217,N,14007.3929,E,0.07,57.16,140710,,,A*52
$GPRMC,064539.000,V,3603.0218,N,14007.3938,E,0.07,57.16,140710,,,E*4F
$PSEN,CO2,ppm, 0452
$GPRMC,064540.000,V,3603.0218,N,14007.3947,E,0.08,57.16,140710,,,E*46
$GPRMC,064541.000,A,3603.0217,N,14007.3950,E,0.07,57.16,140710,,,A*52
$PSEN,CO2,ppm, 0455
$GPRMC,064542.000,A,3603.0219,N,14007.3955,E,0.07,57.16,140710,,,A*5A
$GPRMC,064543.000,A,3603.0208,N,14007.3952,E,0.07,57.16,140710,,,A*5C
$PSEN,CO2,ppm, 0455
$GPRMC,064544.000,A,3603.0214,N,14007.3950,E,0.07,57.16,140710,,,A*54
$PSEN,CO2,ppm, 0455
$GPRMC,064545.000,A,3603.0215,N,14007.3945,E,0.07,57.16,140710,,,A*50
$GPRMC,064546.000,A,3603.0223,N,14007.3942,E,0.06,57.16,140710,,,A*50
$PSEN,CO2,ppm, 0453
$GPRMC,064547.000,A,3603.0214,N,14007.3930,E,0.06,57.16,140710,,,A*50
$GPRMC,064548.000,A,3603.0215,N,14007.3927,E,0.06,57.16,140710,,,A*58
$PSEN,CO2,ppm, 0453
$GPRMC,064549.000,A,3603.0213,N,14007.3918,E,0.07,57.16,140710,,,A*52
$GPRMC,064550.000,A,3603.0213,N,14007.3904,E,0.07,57.16,140710,,,A*57
$PSEN,CO2,ppm, 0453
$GPRMC,064551.000,A,3603.0213,N,14007.3896,E,0.08,57.16,140710,,,A*53
$GPRMC,064552.000,A,3603.0215,N,14007.3891,E,0.07,57.16,140710,,,A*5E
$PSEN,CO2,ppm, 0453
$GPRMC,064553.000,A,3603.0213,N,14007.3882,E,0.08,57.16,140710,,,A*54
$GPRMC,064554.000,A,3603.0213,N,14007.3876,E,0.08,57.16,140710,,,A*58
$PSEN,CO2,ppm, 0452
$GPRMC,064555.000,A,3603.0208,N,14007.3869,E,0.07,57.16,140710,,,A*52
$GPRMC,064556.000,A,3603.0207,N,14007.3868,E,0.07,57.16,140710,,,A*5F
$PSEN,CO2,ppm, 0452
$GPRMC,064557.000,A,3603.0208,N,14007.3863,E,0.07,57.16,140710,,,A*5A
$GPRMC,064558.000,A,3603.0210,N,14007.3862,E,0.07,57.16,140710,,,A*5D
$PSEN,CO2,ppm, 0452
$GPRMC,064559.000,A,3603.0209,N,14007.3861,E,0.07,57.16,140710,,,A*57
$GPRMC,064600.000,A,3603.0210,N,14007.3862,E,0.07,57.16,140710,,,A*53
$PSEN,CO2,ppm, 0451
$GPRMC,064601.000,A,3603.0211,N,14007.3865,E,0.06,57.16,140710,,,A*55
$GPRMC,064602.000,A,3603.0214,N,14007.3872,E,0.07,57.16,140710,,,A*54
$PSEN,Batt,V,3.90
$PSEN,CO2,ppm, 0451
$GPRMC,064603.000,A,3603.0218,N,14007.3882,E,0.07,57.16,140710,,,A*56
$GPRMC,064604.000,A,3603.0222,N,14007.3892,E,0.07,57.16,140710,,,A*59
$PSEN,CO2,ppm, 0451
$GPRMC,064605.000,A,3603.0191,N,14007.3887,E,0.07,57.16,140710,,,A*57
$GPRMC,064606.000,A,3603.0186,N,14007.3902,E,2.04,104.17,140710,,,A*69
$PSEN,CO2,ppm, 0454
$GPRMC,064607.000,A,3603.0196,N,14007.3909,E,2.74,95.01,140710,,,A*5B
$GPRMC,064608.000,A,3603.0201,N,14007.3925,E,3.33,90.65,140710,,,A*52
$PSEN,CO2,ppm, 0458
$GPRMC,064609.000,A,3603.0196,N,14007.3931,E,3.63,98.83,140710,,,A*5E
$GPRMC,064610.000,A,3603.0201,N,14007.3940,E,3.17,92.65,140710,,,A*5C
$PSEN,CO2,ppm, 0458
$GPRMC,064611.000,A,3603.0200,N,14007.3933,E,3.10,82.76,140710,,,A*5C
$GPRMC,064612.000,A,3603.0203,N,14007.3937,E,3.22,75.39,140710,,,A*5A
$PSEN,CO2,ppm, 0456
$GPRMC,064613.000,A,3603.0206,N,14007.3945,E,3.18,69.82,140710,,,A*5F
$GPRMC,064614.000,A,3603.0216,N,14007.3957,E,3.38,71.06,140710,,,A*5D
$PSEN,CO2,ppm, 0460
$GPRMC,064615.000,A,3603.0222,N,14007.3970,E,3.66,72.23,140710,,,A*51
$GPRMC,064616.000,A,3603.0242,N,14007.3986,E,3.72,60.86,140710,,,A*54
$PSEN,CO2,ppm, 0460
$GPRMC,064617.000,A,3603.0247,N,14007.3995,E,3.21,63.56,140710,,,A*5A
$GPRMC,064618.000,V,3603.0247,N,14007.4000,E,3.67,67.02,140710,,,E*43
$PSEN,CO2,ppm, 0459
$GPRMC,064619.000,A,3603.0252,N,14007.4013,E,3.45,66.45,140710,,,A*55
$GPRMC,064620.000,A,3603.0253,N,14007.4017,E,3.03,66.22,140710,,,A*59
$PSEN,CO2,ppm, 0459
$GPRMC,064621.000,A,3603.0255,N,14007.4024,E,2.58,67.62,140710,,,A*54
$GPRMC,064622.000,A,3603.0259,N,14007.4032,E,2.83,70.52,140710,,,A*5F
$PSEN,CO2,ppm, 0459
$GPRMC,064623.000,A,3603.0265,N,14007.4040,E,2.29,72.37,140710,,,A*55
$GPRMC,064624.000,A,3603.0270,N,14007.4048,E,2.35,59.40,140710,,,A*5A
$PSEN,CO2,ppm, 0457
$GPRMC,064625.000,A,3603.0275,N,14007.4052,E,2.41,59.02,140710,,,A*50
$GPRMC,064626.000,A,3603.0283,N,14007.4050,E,2.49,32.89,140710,,,A*5E
$PSEN,CO2,ppm, 0462
$GPRMC,064627.000,A,3603.0295,N,14007.4049,E,3.09,21.60,140710,,,A*50
$PSEN,CO2,ppm, 0462
$GPRMC,064628.000,A,3603.0298,N,14007.4063,E,3.47,23.16,140710,,,A*53
$GPRMC,064629.000,A,3603.0312,N,14007.4054,E,3.60,23.56,140710,,,A*54
$PSEN,CO2,ppm, 0463
$GPRMC,064630.000,A,3603.0319,N,14007.4062,E,4.16,18.87,140710,,,A*50
$GPRMC,064631.000,A,3603.0327,N,14007.4061,E,3.26,24.02,140710,,,A*59
$PSEN,CO2,ppm, 0463
$GPRMC,064632.000,A,3603.0328,N,14007.4069,E,3.14,22.12,140710,,,A*5B
$GPRMC,064633.000,A,3603.0332,N,14007.4070,E,2.63,24.96,140710,,,A*52
$PSEN,CO2,ppm, 0461
$GPRMC,064634.000,A,3603.0338,N,14007.4072,E,3.62,19.44,140710,,,A*5C
$GPRMC,064635.000,A,3603.0346,N,14007.4067,E,3.79,22.34,140710,,,A*55
$PSEN,CO2,ppm, 0462
$GPRMC,064636.000,A,3603.0355,N,14007.4061,E,3.90,24.31,140710,,,A*56
$GPRMC,064637.000,A,3603.0365,N,14007.4060,E,4.99,19.06,140710,,,A*51
$PSEN,CO2,ppm, 0462
$GPRMC,064638.000,A,3603.0375,N,14007.4058,E,4.66,21.28,140710,,,A*53
$GPRMC,064639.000,A,3603.0384,N,14007.4057,E,4.50,23.84,140710,,,A*52
$PSEN,CO2,ppm, 0462
$GPRMC,064640.000,A,3603.0397,N,14007.4058,E,5.25,22.40,140710,,,A*5B
$GPRMC,064641.000,A,3603.0409,N,14007.4070,E,4.63,29.66,140710,,,A*5C
$PSEN,CO2,ppm, 0458
$GPRMC,064642.000,A,3603.0420,N,14007.4108,E,3.82,45.28,140710,,,A*52
$GPRMC,064643.000,A,3603.0398,N,14007.4125,E,3.87,69.64,140710,,,A*5B
$PSEN,CO2,ppm, 0458
$GPRMC,064644.000,A,3603.0400,N,14007.4143,E,3.40,73.65,140710,,,A*5B
$GPRMC,064645.000,A,3603.0403,N,14007.4162,E,3.52,72.06,140710,,,A*5D
$PSEN,CO2,ppm, 0458
$GPRMC,064646.000,A,3603.0382,N,14007.4160,E,3.67,73.31,140710,,,A*51
$GPRMC,064647.000,A,3603.0374,N,14007.4151,E,3.39,58.09,140710,,,A*52
$PSEN,CO2,ppm, 0457
$GPRMC,064648.000,A,3603.0373,N,14007.4152,E,3.02,59.06,140710,,,A*5F
$GPRMC,064649.000,A,3603.0378,N,14007.4161,E,3.31,58.25,140710,,,A*55
$PSEN,CO2,ppm, 0457
$GPRMC,064650.000,A,3603.0383,N,14007.4170,E,2.98,60.05,140710,,,A*52
$GPRMC,064651.000,A,3603.0384,N,14007.4176,E,2.45,64.39,140710,,,A*59
$PSEN,CO2,ppm, 0462
$GPRMC,064652.000,A,3603.0378,N,14007.4174,E,1.73,64.39,140710,,,A*5D
$GPRMC,064653.000,A,3603.0373,N,14007.4176,E,1.73,64.39,140710,,,A*55
$PSEN,CO2,ppm, 0462
$GPRMC,064654.000,A,3603.0375,N,14007.4187,E,2.33,81.95,140710,,,A*50
$GPRMC,064655.000,A,3603.0385,N,14007.4213,E,2.91,74.29,140710,,,A*55
$PSEN,CO2,ppm, 0462
$GPRMC,064656.000,A,3603.0389,N,14007.4227,E,3.23,76.96,140710,,,A*53
$GPRMC,064657.000,A,3603.0391,N,14007.4237,E,2.85,77.26,140710,,,A*5D
$PSEN,CO2,ppm, 0462
$GPRMC,064658.000,A,3603.0395,N,14007.4241,E,2.59,91.55,140710,,,A*5A
$GPRMC,064659.000,A,3603.0394,N,14007.4247,E,3.19,86.85,140710,,,A*52
$PSEN,CO2,ppm, 0462
$GPRMC,064700.000,A,3603.0398,N,14007.4263,E,3.25,91.77,140710,,,A*51
$GPRMC,064701.000,A,3603.0405,N,14007.4279,E,3.25,80.33,140710,,,A*58
$PSEN,Batt,V,3.90
$PSEN,CO2,ppm, 0462
$GPRMC,064702.000,A,3603.0416,N,14007.4296,E,3.04,71.51,140710,,,A*51
$GPRMC,064703.000,A,3603.0426,N,14007.4315,E,3.43,68.31,140710,,,A*54
$PSEN,CO2,ppm, 0461
$GPRMC,064704.000,A,3603.0433,N,14007.4327,E,3.43,65.23,140710,,,A*58
$GPRMC,064705.000,A,3603.0443,N,14007.4341,E,3.40,62.73,140710,,,A*5F
$PSEN,CO2,ppm, 0464
$GPRMC,064706.000,A,3603.0448,N,14007.4353,E,3.23,64.85,140710,,,A*5E
$GPRMC,064707.000,A,3603.0452,N,14007.4360,E,2.79,67.82,140710,,,A*5E
$PSEN,CO2,ppm, 0464
$GPRMC,064708.000,A,3603.0461,N,14007.4371,E,2.60,72.96,140710,,,A*58
$PSEN,CO2,ppm, 0460
$GPRMC,064709.000,A,3603.0467,N,14007.4380,E,2.55,66.62,140710,,,A*59
$GPRMC,064710.000,A,3603.0477,N,14007.4399,E,2.94,67.23,140710,,,A*51
$PSEN,CO2,ppm, 0460
$GPRMC,064711.000,A,3603.0478,N,14007.4407,E,2.87,71.36,140710,,,A*5E
$GPRMC,064712.000,A,3603.0500,N,14007.4418,E,4.18,49.44,140710,,,A*53
$PSEN,CO2,ppm, 0460
$GPRMC,064713.000,A,3603.0510,N,14007.4434,E,4.79,61.41,140710,,,A*55
$GPRMC,064714.000,A,3603.0501,N,14007.4445,E,3.64,88.13,140710,,,A*5F
$PSEN,CO2,ppm, 0463
$GPRMC,064715.000,A,3603.0503,N,14007.4459,E,3.86,83.07,140710,,,A*53
$GPRMC,064716.000,A,3603.0509,N,14007.4469,E,3.51,86.62,140710,,,A*55
$PSEN,CO2,ppm, 0463
$GPRMC,064717.000,A,3603.0511,N,14007.4475,E,3.13,72.41,140710,,,A*5C
$GPRMC,064718.000,A,3603.0515,N,14007.4482,E,3.26,73.89,140710,,,A*5C
$PSEN,CO2,ppm, 0463
$GPRMC,064719.000,A,3603.0514,N,14007.4491,E,3.44,81.93,140710,,,A*5C
$GPRMC,064720.000,A,3603.0514,N,14007.4501,E,3.52,80.30,140710,,,A*51
$PSEN,CO2,ppm, 0464
$GPRMC,064721.000,A,3603.0519,N,14007.4510,E,3.47,59.01,140710,,,A*5F
$GPRMC,064722.000,A,3603.0532,N,14007.4515,E,4.88,35.30,140710,,,A*5C
$PSEN,CO2,ppm, 0464
$GPRMC,064723.000,A,3603.0548,N,14007.4510,E,4.93,38.64,140710,,,A*53
$GPRMC,064724.000,A,3603.0556,N,14007.4518,E,4.99,48.67,140710,,,A*5D
$PSEN,CO2,ppm, 0460
$GPRMC,064725.000,A,3603.0558,N,14007.4519,E,4.09,44.46,140710,,,A*55
$GPRMC,064726.000,A,3603.0573,N,14007.4550,E,3.80,46.30,140710,,,A*57
$PSEN,CO2,ppm, 0457
$GPRMC,064727.000,A,3603.0570,N,14007.4543,E,3.96,58.75,140710,,,A*5E
$GPRMC,064728.000,A,3603.0578,N,14007.4563,E,4.16,66.58,140710,,,A*56
$PSEN,CO2,ppm, 0457
$GPRMC,064729.000,A,3603.0586,N,14007.4581,E,4.02,64.45,140710,,,A*51
$GPRMC,064730.000,A,3603.0593,N,14007.4592,E,4.52,59.80,140710,,,A*5D
$PSEN,CO2,ppm, 0458
$GPRMC,064731.000,A,3603.0597,N,14007.4600,E,4.62,60.99,140710,,,A*51
$GPRMC,064732.000,A,3603.0603,N,14007.4606,E,4.47,55.03,140710,,,A*58
$PSEN,CO2,ppm, 0454
$GPRMC,064733.000,A,3603.0608,N,14007.4615,E,4.24,62.82,140710,,,A*58
$GPRMC,064734.000,A,3603.0615,N,14007.4635,E,3.93,83.11,140710,,,A*5F
$PSEN,CO2,ppm, 0454
$GPRMC,064735.000,A,3603.0588,N,14007.4638,E,3.66,79.46,140710,,,A*59
$GPRMC,064736.000,A,3603.0589,N,14007.4650,E,3.91,77.16,140710,,,A*56
$PSEN,CO2,ppm, 0455
$GPRMC,064737.000,A,3603.0575,N,14007.4656,E,3.53,85.28,140710,,,A*5C
$GPRMC,064738.000,A,3603.0567,N,14007.4657,E,3.68,76.33,140710,,,A*5F
$PSEN,CO2,ppm, 0450
$GPRMC,064739.000,A,3603.0568,N,14007.4666,E,3.06,72.68,140710,,,A*51
$GPRMC,064740.000,A,3603.0567,N,14007.4669,E,1.92,72.68,140710,,,A*50
$PSEN,CO2,ppm, 0450
$GPRMC,064741.000,A,3603.0567,N,14007.4671,E,1.91,72.68,140710,,,A*5B
$GPRMC,064742.000,A,3603.0567,N,14007.4678,E,1.92,72.68,140710,,,A*52
$PSEN,CO2,ppm, 0450
$GPRMC,064743.000,A,3603.0567,N,14007.4683,E,1.92,72.68,140710,,,A*57
$GPRMC,064744.000,A,3603.0567,N,14007.4687,E,1.92,92.42,140710,,,A*52
$PSEN,CO2,ppm, 0451
$GPRMC,064745.000,A,3603.0570,N,14007.4695,E,2.34,84.52,140710,,,A*5F
$GPRMC,064746.000,A,3603.0572,N,14007.4702,E,2.44,80.75,140710,,,A*57
$PSEN,CO2,ppm, 0451
$GPRMC,064747.000,A,3603.0574,N,14007.4710,E,2.60,80.41,140710,,,A*52
$GPRMC,064748.000,A,3603.0576,N,14007.4719,E,3.16,80.21,140710,,,A*50
$PSEN,CO2,ppm, 0452
$GPRMC,064749.000,A,3603.0578,N,14007.4726,E,3.54,76.83,140710,,,A*54
$PSEN,CO2,ppm, 0450
$GPRMC,064750.000,A,3603.0587,N,14007.4740,E,3.89,70.96,140710,,,A*5E
$GPRMC,064751.000,A,3603.0591,N,14007.4743,E,3.67,72.38,140710,,,A*5D
$PSEN,CO2,ppm, 0450
$GPRMC,064752.000,A,3603.0597,N,14007.4755,E,3.52,71.86,140710,,,A*5F
$GPRMC,064753.000,A,3603.0611,N,14007.4776,E,2.91,67.08,140710,,,A*5D
$PSEN,CO2,ppm, 0450
$GPRMC,064754.000,A,3603.0626,N,14007.4795,E,2.31,69.00,140710,,,A*5F
$GPRMC,064755.000,A,3603.0628,N,14007.4823,E,2.91,76.89,140710,,,A*57
$PSEN,CO2,ppm, 0450
$GPRMC,064756.000,A,3603.0634,N,14007.4844,E,3.12,83.47,140710,,,A*5A
$GPRMC,064757.000,A,3603.0637,N,14007.4846,E,2.68,76.04,140710,,,A*5B
$PSEN,CO2,ppm, 0450
$GPRMC,064758.000,A,3603.0643,N,14007.4850,E,2.77,62.08,140710,,,A*57
$GPRMC,064759.000,A,3603.0649,N,14007.4857,E,3.81,64.19,140710,,,A*55
$PSEN,Batt,V,3.88
$PSEN,CO2,ppm, 0450
$GPRMC,064800.000,A,3603.0655,N,14007.4870,E,3.35,66.43,140710,,,A*5C
$GPRMC,064801.000,A,3603.0663,N,14007.4886,E,3.66,69.48,140710,,,A*53
$PSEN,CO2,ppm, 0450
$GPRMC,064802.000,A,3603.0667,N,14007.4896,E,3.40,76.72,140710,,,A*56
$GPRMC,064803.000,A,3603.0670,N,14007.4908,E,3.85,75.23,140710,,,A*59
$PSEN,CO2,ppm, 0448
$GPRMC,064804.000,A,3603.0678,N,14007.4917,E,3.21,70.27,140710,,,A*57
$GPRMC,064805.000,A,3603.0684,N,14007.4924,E,2.64,62.91,140710,,,A*5B
$PSEN,CO2,ppm, 0448
$GPRMC,064806.000,A,3603.0688,N,14007.4931,E,2.38,58.65,140710,,,A*5B
$GPRMC,064807.000,A,3603.0680,N,14007.4934,E,2.17,51.37,140710,,,A*54
$PSEN,CO2,ppm, 0448
$GPRMC,064808.000,A,3603.0682,N,14007.4938,E,2.31,43.25,140710,,,A*51
$GPRMC,064809.000,A,3603.0683,N,14007.4942,E,1.99,46.86,140710,,,A*51
$PSEN,CO2,ppm, 0448
$GPRMC,064810.000,A,3603.0680,N,14007.4945,E,1.53,46.86,140710,,,A*5B
$GPRMC,064811.000,A,3603.0675,N,14007.4946,E,0.07,46.86,140710,,,A*53
$PSEN,CO2,ppm, 0447
$GPRMC,064812.000,A,3603.0672,N,14007.4948,E,0.07,46.86,140710,,,A*59
$GPRMC,064813.000,A,3603.0667,N,14007.4949,E,0.07,46.86,140710,,,A*5D
$PSEN,CO2,ppm, 0447
$GPRMC,064814.000,A,3603.0660,N,14007.4949,E,0.07,46.86,140710,,,A*5D
$GPRMC,064815.000,A,3603.0656,N,14007.4947,E,0.07,46.86,140710,,,A*57
$PSEN,CO2,ppm, 0451
$GPRMC,064816.000,A,3603.0656,N,14007.4945,E,0.06,46.86,140710,,,A*57
$GPRMC,064817.000,A,3603.0659,N,14007.4946,E,0.06,46.86,140710,,,A*5A
$PSEN,CO2,ppm, 0451
$GPRMC,064818.000,A,3603.0660,N,14007.4950,E,1.40,46.86,140710,,,A*5B
$GPRMC,064819.000,A,3603.0667,N,14007.4964,E,2.73,64.52,140710,,,A*50
$PSEN,CO2,ppm, 0451
$GPRMC,064820.000,A,3603.0679,N,14007.4993,E,3.48,68.58,140710,,,A*52
$GPRMC,064821.000,A,3603.0682,N,14007.5007,E,3.44,68.88,140710,,,A*53
$PSEN,CO2,ppm, 0453
$GPRMC,064822.000,A,3603.0673,N,14007.5013,E,3.16,69.83,140710,,,A*56
$GPRMC,064823.000,A,3603.0687,N,14007.5069,E,4.08,73.30,140710,,,A*5A
$PSEN,CO2,ppm, 0453
$GPRMC,064824.000,A,3603.0684,N,14007.5079,E,3.91,82.71,140710,,,A*53
$GPRMC,064825.000,A,3603.0687,N,14007.5095,E,3.88,68.87,140710,,,A*56
$PSEN,CO2,ppm, 0453
$GPRMC,064826.000,A,3603.0695,N,14007.5116,E,3.67,72.19,140710,,,A*51
$GPRMC,064827.000,A,3603.0699,N,14007.5132,E,3.91,77.17,140710,,,A*58
$PSEN,CO2,ppm, 0454
$GPRMC,064828.000,A,3603.0703,N,14007.5145,E,4.29,73.45,140710,,,A*52
$GPRMC,064829.000,A,3603.0707,N,14007.5157,E,3.86,75.45,140710,,,A*50
$PSEN,CO2,ppm, 0452
$GPRMC,064830.000,A,3603.0708,N,14007.5168,E,3.27,79.18,140710,,,A*54
$GPRMC,064831.000,A,3603.0711,N,14007.5185,E,3.36,87.24,140710,,,A*50
$PSEN,CO2,ppm, 0452
$GPRMC,064832.000,A,3603.0715,N,14007.5197,E,3.08,87.89,140710,,,A*5E
$PSEN,CO2,ppm, 0458
$GPRMC,064833.000,A,3603.0716,N,14007.5195,E,3.56,76.64,140710,,,A*58
$GPRMC,064834.000,A,3603.0722,N,14007.5201,E,3.40,66.99,140710,,,A*52
$PSEN,CO2,ppm, 0462
$GPRMC,064835.000,A,3603.0719,N,14007.5213,E,3.04,68.51,140710,,,A*52
$GPRMC,064836.000,A,3603.0708,N,14007.5215,E,3.28,70.13,140710,,,A*56
$PSEN,CO2,ppm, 0462
$GPRMC,064837.000,A,3603.0712,N,14007.5220,E,3.43,70.44,140710,,,A*55
$GPRMC,064838.000,A,3603.0718,N,14007.5230,E,4.36,55.09,140710,,,A*5A
$PSEN,CO2,ppm, 0467
$GPRMC,064839.000,A,3603.0738,N,14007.5250,E,4.34,59.81,140710,,,A*51
$GPRMC,064840.000,A,3603.0749,N,14007.5269,E,4.21,63.36,140710,,,A*52
$PSEN,CO2,ppm, 0467
$GPRMC,064841.000,A,3603.0754,N,14007.5279,E,3.67,68.54,140710,,,A*54
$GPRMC,064842.000,A,3603.0761,N,14007.5286,E,3.93,64.96,140710,,,A*58
$PSEN,CO2,ppm, 0467
$GPRMC,064843.000,A,3603.0768,N,14007.5294,E,2.86,67.82,140710,,,A*50
$GPRMC,064844.000,A,3603.0775,N,14007.5301,E,2.98,62.25,140710,,,A*51
$PSEN,CO2,ppm, 0468
$GPRMC,064845.000,A,3603.0780,N,14007.5306,E,2.52,73.83,140710,,,A*57
$GPRMC,064846.000,A,3603.0780,N,14007.5314,E,2.05,94.32,140710,,,A*56
$PSEN,CO2,ppm, 0468
$GPRMC,064847.000,A,3603.0782,N,14007.5323,E,2.57,77.49,140710,,,A*57
$GPRMC,064848.000,A,3603.0780,N,14007.5329,E,2.82,84.57,140710,,,A*5B
$PSEN,CO2,ppm, 0463
$GPRMC,064849.000,A,3603.0773,N,14007.5334,E,3.05,75.66,140710,,,A*58
$GPRMC,064850.000,A,3603.0778,N,14007.5358,E,2.68,71.50,140710,,,A*5A
$PSEN,CO2,ppm, 0459
$GPRMC,064851.000,A,3603.0782,N,14007.5369,E,3.07,65.56,140710,,,A*57
$GPRMC,064852.000,A,3603.0784,N,14007.5383,E,3.59,61.76,140710,,,A*5B
$PSEN,CO2,ppm, 0459
$GPRMC,064853.000,A,3603.0789,N,14007.5399,E,3.30,73.72,140710,,,A*54
$GPRMC,064854.000,A,3603.0790,N,14007.5406,E,3.22,74.75,140710,,,A*59
$PSEN,CO2,ppm, 0454
$GPRMC,064855.000,A,3603.0792,N,14007.5414,E,3.15,72.59,140710,,,A*55
$GPRMC,064856.000,A,3603.0805,N,14007.5425,E,3.23,59.44,140710,,,A*55
$PSEN,CO2,ppm, 0456
$GPRMC,064857.000,A,3603.0809,N,14007.5436,E,2.91,72.96,140710,,,A*54
$GPRMC,064858.000,A,3603.0814,N,14007.5453,E,3.74,71.20,140710,,,A*50
$PSEN,Batt,V,3.92
$PSEN,CO2,ppm, 0456
$GPRMC,064859.000,A,3603.0811,N,14007.5462,E,3.96,68.77,140710,,,A*50
$GPRMC,064900.000,A,3603.0810,N,14007.5475,E,4.27,68.54,140710,,,A*56
$PSEN,CO2,ppm, 0457
$GPRMC,064901.000,A,3603.0810,N,14007.5482,E,2.69,74.56,140710,,,A*5C
$GPRMC,064902.000,A,3603.0810,N,14007.5488,E,2.51,75.95,140710,,,A*50
$PSEN,CO2,ppm, 0461
$GPRMC,064903.000,A,3603.0812,N,14007.5494,E,2.90,69.96,140710,,,A*5D
$GPRMC,064904.000,A,3603.0813,N,14007.5499,E,0.12,69.96,140710,,,A*5E
$PSEN,CO2,ppm, 0461
$GPRMC,064905.000,A,3603.0813,N,14007.5502,E,0.13,69.96,140710,,,A*5D
$GPRMC,064906.000,A,3603.0812,N,14007.5509,E,0.13,69.96,140710,,,A*54
$PSEN,CO2,ppm, 0457
$GPRMC,064907.000,A,3603.0811,N,14007.5510,E,0.14,81.19,140710,,,A*58
$GPRMC,064908.000,A,3603.0819,N,14007.5528,E,3.33,76.58,140710,,,A*5F
$PSEN,CO2,ppm, 0458
$GPRMC,064909.000,A,3603.0823,N,14007.5542,E,3.64,70.52,140710,,,A*55
$GPRMC,064910.000,A,3603.0825,N,14007.5550,E,2.95,65.34,140710,,,A*53
$PSEN,CO2,ppm, 0458
$GPRMC,064911.000,A,3603.0825,N,14007.5554,E,2.83,71.84,140710,,,A*5F
$GPRMC,064912.000,A,3603.0826,N,14007.5573,E,2.88,75.56,140710,,,A*5A
$PSEN,CO2,ppm, 0454
$GPRMC,064913.000,A,3603.0827,N,14007.5584,E,1.95,82.01,140710,,,A*57
$PSEN,CO2,ppm, 0454
$GPRMC,064914.000,A,3603.0831,N,14007.5600,E,3.02,74.69,140710,,,A*53
$GPRMC,064915.000,A,3603.0833,N,14007.5609,E,2.83,73.98,140710,,,A*58
$PSEN,CO2,ppm, 0454
$GPRMC,064916.000,A,3603.0831,N,14007.5612,E,1.70,73.98,140710,,,A*5C
$GPRMC,064917.000,A,3603.0832,N,14007.5623,E,1.70,102.73,140710,,,A*6E
$PSEN,CO2,ppm, 0454
$GPRMC,064918.000,A,3603.0828,N,14007.5625,E,2.18,98.70,140710,,,A*50
$GPRMC,064919.000,A,3603.0833,N,14007.5636,E,1.51,98.70,140710,,,A*57
$PSEN,CO2,ppm, 0454
$GPRMC,064920.000,A,3603.0839,N,14007.5641,E,2.11,65.10,140710,,,A*54
$GPRMC,064921.000,A,3603.0841,N,14007.5652,E,2.22,67.04,140710,,,A*5F
$PSEN,CO2,ppm, 0459
$GPRMC,064922.000,A,3603.0843,N,14007.5669,E,2.76,87.73,140710,,,A*59
$GPRMC,064923.000,A,3603.0843,N,14007.5679,E,2.00,101.32,140710,,,A*62
$PSEN,CO2,ppm, 0459
$GPRMC,064924.000,A,3603.0842,N,14007.5685,E,0.11,101.32,140710,,,A*65
$GPRMC,064925.000,A,3603.0844,N,14007.5688,E,0.10,101.32,140710,,,A*6E
$PSEN,CO2,ppm, 0459
$GPRMC,064926.000,A,3603.0848,N,14007.5698,E,0.10,101.32,140710,,,A*60
$GPRMC,064927.000,A,3603.0852,N,14007.5703,E,0.10,101.32,140710,,,A*69
$PSEN,CO2,ppm, 0461
$GPRMC,064928.000,A,3603.0871,N,14007.5709,E,0.11,101.32,140710,,,A*6C
$GPRMC,064929.000,A,3603.0876,N,14007.5716,E,0.11,101.32,140710,,,A*64
$PSEN,CO2,ppm, 0461
$GPRMC,064930.000,A,3603.0875,N,14007.5720,E,0.11,101.32,140710,,,A*6A
$GPRMC,064931.000,A,3603.0874,N,14007.5727,E,0.11,101.32,140710,,,A*6D
$PSEN,CO2,ppm, 0461
$GPRMC,064932.000,A,3603.0879,N,14007.5735,E,2.65,76.66,140710,,,A*51
$GPRMC,064933.000,A,3603.0883,N,14007.5745,E,2.89,75.42,140710,,,A*55
$PSEN,CO2,ppm, 0459
$GPRMC,064934.000,A,3603.0889,N,14007.5757,E,3.22,71.33,140710,,,A*59
$GPRMC,064935.000,A,3603.0897,N,14007.5776,E,4.28,68.88,140710,,,A*51
$PSEN,CO2,ppm, 0462
$GPRMC,064936.000,A,3603.0915,N,14007.5794,E,4.58,68.51,140710,,,A*56
$GPRMC,064937.000,A,3603.0905,N,14007.5807,E,4.55,73.53,140710,,,A*56
$PSEN,CO2,ppm, 0462
$GPRMC,064938.000,A,3603.0906,N,14007.5830,E,4.51,69.17,140710,,,A*51
$GPRMC,064939.000,A,3603.0912,N,14007.5847,E,4.01,68.84,140710,,,A*5B
$PSEN,CO2,ppm, 0458
$GPRMC,064940.000,A,3603.0919,N,14007.5866,E,3.64,67.74,140710,,,A*59
$GPRMC,064941.000,V,3603.0917,N,14007.5865,E,2.98,69.26,140710,,,E*4D
$PSEN,CO2,ppm, 0457
$GPRMC,064942.000,A,3603.0919,N,14007.5874,E,2.68,70.01,140710,,,A*51
$GPRMC,064943.000,A,3603.0922,N,14007.5884,E,2.90,70.96,140710,,,A*5E
$PSEN,CO2,ppm, 0457
$GPRMC,064944.000,A,3603.0927,N,14007.5890,E,3.59,69.80,140710,,,A*52
$GPRMC,064945.000,A,3603.0931,N,14007.5899,E,3.36,70.42,140710,,,A*52
$PSEN,CO2,ppm, 0459
$GPRMC,064946.000,A,3603.0936,N,14007.5907,E,3.49,70.35,140710,,,A*58
$GPRMC,064947.000,A,3603.0939,N,14007.5918,E,3.50,75.41,140710,,,A*56
$PSEN,CO2,ppm, 0463
$GPRMC,064948.000,A,3603.0945,N,14007.5925,E,3.81,71.92,140710,,,A*5A
$GPRMC,064949.000,A,3603.0951,N,14007.5932,E,4.32,72.83,140710,,,A*54
$PSEN,CO2,ppm, 0463
$GPRMC,064950.000,A,3603.0958,N,14007.5948,E,4.05,80.76,140710,,,A*5B
$GPRMC,064951.000,A,3603.0958,N,14007.5968,E,3.86,78.90,140710,,,A*5B
$PSEN,CO2,ppm, 0462
$GPRMC,064952.000,A,3603.0960,N,14007.5983,E,3.36,58.49,140710,,,A*5B
$GPRMC,064953.000,A,3603.0965,N,14007.5991,E,2.95,62.01,140710,,,A*51
$PSEN,CO2,ppm, 0463
$GPRMC,064954.000,A,3603.0970,N,14007.5994,E,2.69,53.40,140710,,,A*53
$PSEN,CO2,ppm, 0463
$GPRMC,064955.000,A,3603.0975,N,14007.6000,E,2.78,59.51,140710,,,A*5A
$GPRMC,064956.000,A,3603.0983,N,14007.6004,E,2.83,79.57,140710,,,A*54
$PSEN,Batt,V,3.91
$PSEN,CO2,ppm, 0459
$GPRMC,064957.000,A,3603.0986,N,14007.6012,E,3.45,77.50,140710,,,A*55
$GPRMC,064958.000,A,3603.0987,N,14007.6022,E,3.46,68.87,140710,,,A*5F
$PSEN,CO2,ppm, 0463
$GPRMC,064959.000,A,3603.0991,N,14007.6034,E,3.27,71.31,140710,,,A*5C
$GPRMC,065000.000,A,3603.0992,N,14007.6044,E,3.94,75.02,140710,,,A*50
$PSEN,CO2,ppm, 0463
$GPRMC,065001.000,A,3603.1000,N,14007.6043,E,3.57,59.41,140710,,,A*53
$GPRMC,065002.000,A,3603.0977,N,14007.6045,E,3.18,76.85,140710,,,A*50
$PSEN,CO2,ppm, 0461
$GPRMC,065003.000,A,3603.0968,N,14007.6052,E,2.54,96.20,140710,,,A*51
$GPRMC,065004.000,A,3603.0967,N,14007.6060,E,3.49,122.52,140710,,,A*6E
$PSEN,CO2,ppm, 0461
$GPRMC,065005.000,A,3603.0964,N,14007.6070,E,3.38,117.25,140710,,,A*6D
$GPRMC,065006.000,A,3603.0956,N,14007.6073,E,2.79,119.81,140710,,,A*68
$PSEN,CO2,ppm, 0461
$GPRMC,065007.000,A,3603.0949,N,14007.6079,E,3.31,114.03,140710,,,A*67
$GPRMC,065008.000,A,3603.0941,N,14007.6086,E,3.22,119.63,140710,,,A*69
$PSEN,CO2,ppm, 0457
$GPRMC,065009.000,A,3603.0938,N,14007.6099,E,4.02,128.63,140710,,,A*6F
$GPRMC,065010.000,A,3603.0933,N,14007.6108,E,3.36,124.77,140710,,,A*6C
$PSEN,CO2,ppm, 0457
$GPRMC,065011.000,A,3603.0931,N,14007.6118,E,3.39,110.56,140710,,,A*65
$GPRMC,065012.000,A,3603.0928,N,14007.6130,E,2.90,111.92,140710,,,A*6F
$PSEN,CO2,ppm, 0458
$GPRMC,065013.000,A,3603.0922,N,14007.6137,E,3.44,110.61,140710,,,A*66
$GPRMC,065014.000,A,3603.0913,N,14007.6148,E,4.18,111.56,140710,,,A*60
$PSEN,CO2,ppm, 0458
$GPRMC,065015.000,A,3603.0906,N,14007.6161,E,3.65,126.27,140710,,,A*61
$GPRMC,065016.000,A,3603.0905,N,14007.6173,E,2.96,100.42,140710,,,A*68
$PSEN,CO2,ppm, 0458
$GPRMC,065017.000,A,3603.0902,N,14007.6185,E,3.12,131.23,140710,,,A*6F
$GPRMC,065018.000,A,3603.0901,N,14007.6196,E,2.48,115.88,140710,,,A*68
$PSEN,CO2,ppm, 0456
$GPRMC,065019.000,A,3603.0898,N,14007.6203,E,2.52,92.80,140710,,,A*5A
$GPRMC,065020.000,A,3603.0898,N,14007.6215,E,1.90,92.80,140710,,,A*5A
$PSEN,CO2,ppm, 0457
$GPRMC,065021.000,A,3603.0893,N,14007.6222,E,1.90,132.24,140710,,,A*61
$GPRMC,065022.000,A,3603.0888,N,14007.6235,E,2.66,105.49,140710,,,A*6B
$PSEN,CO2,ppm, 0457
$GPRMC,065023.000,A,3603.0883,N,14007.6249,E,2.54,107.93,140710,,,A*6E
$GPRMC,065024.000,A,3603.0882,N,14007.6266,E,2.24,110.28,140710,,,A*64
$PSEN,CO2,ppm, 0457
$GPRMC,065025.000,A,3603.0883,N,14007.6275,E,2.28,108.93,140710,,,A*63
$GPRMC,065026.000,A,3603.0884,N,14007.6285,E,2.44,93.04,140710,,,A*5F
$PSEN,CO2,ppm, 0456
$GPRMC,065027.000,A,3603.0884,N,14007.6295,E,2.53,87.12,140710,,,A*5B
$GPRMC,065028.000,A,3603.0884,N,14007.6305,E,2.99,90.14,140710,,,A*5A
$PSEN,CO2,ppm, 0456
$GPRMC,065029.000,A,3603.0898,N,14007.6292,E,2.79,72.40,140710,,,A*5A
$GPRMC,065030.000,A,3603.0900,N,14007.6301,E,2.81,76.43,140710,,,A*59
$PSEN,CO2,ppm, 0456
$GPRMC,065031.000,A,3603.0903,N,14007.6313,E,2.94,70.90,140710,,,A*54
$GPRMC,065032.000,A,3603.0907,N,14007.6319,E,2.82,75.95,140710,,,A*5E
$PSEN,CO2,ppm, 0452
$GPRMC,065033.000,A,3603.0908,N,14007.6322,E,2.32,83.41,140710,,,A*53
$GPRMC,065034.000,A,3603.0908,N,14007.6329,E,2.25,87.93,140710,,,A*52
$PSEN,CO2,ppm, 0452
$GPRMC,065035.000,A,3603.0909,N,14007.6336,E,2.19,90.77,140710,,,A*5F
$PSEN,CO2,ppm, 0456
$GPRMC,065036.000,A,3603.0910,N,14007.6343,E,2.30,93.35,140710,,,A*58
$GPRMC,065037.000,A,3603.0911,N,14007.6352,E,2.64,93.59,140710,,,A*53
$PSEN,CO2,ppm, 0460
$GPRMC,065038.000,A,3603.0913,N,14007.6362,E,2.91,90.10,140710,,,A*59
$GPRMC,065039.000,A,3603.0916,N,14007.6371,E,3.27,88.41,140710,,,A*5E
$PSEN,CO2,ppm, 0460
$GPRMC,065040.000,A,3603.0918,N,14007.6381,E,3.44,88.21,140710,,,A*52
$GPRMC,065041.000,A,3603.0921,N,14007.6391,E,3.71,86.93,140710,,,A*59
$PSEN,CO2,ppm, 0461
$GPRMC,065042.000,A,3603.0924,N,14007.6404,E,4.19,84.70,140710,,,A*52
$GPRMC,065043.000,A,3603.0928,N,14007.6417,E,4.57,82.57,140710,,,A*54
$PSEN,CO2,ppm, 0461

$GPRMC,065504.000,A,3603.0750,N,14007.4438,E,3.68,237.05,140710,,,A*6C
$GPRMC,065505.000,A,3603.0679,N,14007.4427,E,2.96,239.68,140710,,,A*6C
$PSEN,CO2,ppm, 0484
$GPRMC,065506.000,A,3603.0654,N,14007.4397,E,1.90,239.68,140710,,,A*69
$GPRMC,065507.000,A,3603.0647,N,14007.4383,E,0.08,239.68,140710,,,A*6F
$PSEN,CO2,ppm, 0484
$GPRMC,065508.000,A,3603.0663,N,14007.4374,E,0.08,239.68,140710,,,A*6E
$GPRMC,065509.000,A,3603.0667,N,14007.4366,E,1.51,239.68,140710,,,A*65
$PSEN,CO2,ppm, 0480
$GPRMC,065510.000,A,3603.0668,N,14007.4363,E,1.51,239.68,140710,,,A*67
$GPRMC,065511.000,A,3603.0665,N,14007.4364,E,1.52,110.07,140710,,,A*6E
$PSEN,CO2,ppm, 0480
$GPRMC,065512.000,A,3603.0665,N,14007.4362,E,2.16,104.37,140710,,,A*6E
$GPRMC,065513.000,A,3603.0670,N,14007.4352,E,1.48,104.37,140710,,,A*60
$PSEN,CO2,ppm, 0480
$GPRMC,065514.000,A,3603.0669,N,14007.4340,E,1.48,104.37,140710,,,A*6C
$GPRMC,065515.000,A,3603.0670,N,14007.4337,E,1.48,104.37,140710,,,A*65
$PSEN,CO2,ppm, 0480
$GPRMC,065516.000,A,3603.0666,N,14007.4334,E,1.48,104.37,140710,,,A*62
$GPRMC,065517.000,A,3603.0666,N,14007.4340,E,1.48,104.37,140710,,,A*60
$PSEN,CO2,ppm, 0481
$GPRMC,065518.000,A,3603.0665,N,14007.4335,E,1.48,104.37,140710,,,A*6E
$GPRMC,065519.000,A,3603.0659,N,14007.4324,E,0.01,104.37,140710,,,A*6C
$PSEN,CO2,ppm, 0481
$GPRMC,065520.000,A,3603.0657,N,14007.4318,E,0.22,104.37,140710,,,A*66
$GPRMC,065521.000,A,3603.0657,N,14007.4304,E,2.71,261.29,140710,,,A*61
$PSEN,CO2,ppm, 0478
$GPRMC,065522.000,A,3603.0647,N,14007.4289,E,3.33,257.05,140710,,,A*6B
$GPRMC,065523.000,A,3603.0648,N,14007.4277,E,4.23,236.26,140710,,,A*64
$PSEN,CO2,ppm, 0474
$GPRMC,065524.000,A,3603.0644,N,14007.4265,E,3.83,236.06,140710,,,A*63
$PSEN,CO2,ppm, 0474
$GPRMC,065525.000,A,3603.0639,N,14007.4249,E,3.83,243.38,140710,,,A*69
$GPRMC,065526.000,A,3603.0646,N,14007.4240,E,3.44,242.06,140710,,,A*6C
$PSEN,CO2,ppm, 0477
$GPRMC,065527.000,A,3603.0641,N,14007.4230,E,3.09,239.66,140710,,,A*6E
$GPRMC,065528.000,A,3603.0638,N,14007.4222,E,2.49,232.61,140710,,,A*65
$PSEN,CO2,ppm, 0477
$GPRMC,065529.000,A,3603.0636,N,14007.4214,E,2.36,236.69,140710,,,A*6B
$GPRMC,065530.000,A,3603.0636,N,14007.4203,E,2.39,232.28,140710,,,A*6B
$PSEN,CO2,ppm, 0477
$GPRMC,065531.000,A,3603.0642,N,14007.4187,E,2.04,270.74,140710,,,A*67
$GPRMC,065532.000,A,3603.0644,N,14007.4179,E,2.00,266.27,140710,,,A*66
$PSEN,CO2,ppm, 0473
$GPRMC,065533.000,A,3603.0646,N,14007.4173,E,1.50,266.27,140710,,,A*69
$GPRMC,065534.000,A,3603.0646,N,14007.4168,E,1.50,266.27,140710,,,A*64
$PSEN,CO2,ppm, 0473
$GPRMC,065535.000,A,3603.0654,N,14007.4160,E,1.50,266.27,140710,,,A*6E
$GPRMC,065536.000,A,3603.0657,N,14007.4155,E,1.50,266.27,140710,,,A*68
$PSEN,CO2,ppm, 0469
$GPRMC,065537.000,A,3603.0654,N,14007.4149,E,1.51,266.27,140710,,,A*66
$GPRMC,065538.000,A,3603.0648,N,14007.4142,E,1.51,258.10,140710,,,A*66
$PSEN,CO2,ppm, 0464
$GPRMC,065539.000,A,3603.0645,N,14007.4135,E,2.02,256.01,140710,,,A*61
$GPRMC,065540.000,A,3603.0641,N,14007.4128,E,2.02,254.26,140710,,,A*60
$PSEN,CO2,ppm, 0464
$GPRMC,065541.000,A,3603.0640,N,14007.4118,E,1.96,253.99,140710,,,A*6E
$GPRMC,065542.000,A,3603.0639,N,14007.4108,E,2.12,258.99,140710,,,A*66
$PSEN,CO2,ppm, 0463
$GPRMC,065543.000,A,3603.0636,N,14007.4098,E,1.94,258.99,140710,,,A*6D
$GPRMC,065544.000,A,3603.0633,N,14007.4087,E,1.94,258.99,140710,,,A*61
$PSEN,CO2,ppm, 0458
$GPRMC,065545.000,A,3603.0627,N,14007.4081,E,1.94,256.92,140710,,,A*66
$GPRMC,065546.000,A,3603.0620,N,14007.4074,E,1.80,256.92,140710,,,A*6D
$PSEN,CO2,ppm, 0458
$GPRMC,065547.000,A,3603.0615,N,14007.4067,E,1.79,256.92,140710,,,A*6E
$GPRMC,065548.000,A,3603.0613,N,14007.4060,E,1.79,256.92,140710,,,A*60
$PSEN,Batt,V,3.90
$PSEN,CO2,ppm, 0454
$GPRMC,065549.000,A,3603.0613,N,14007.4050,E,1.80,257.51,140710,,,A*6A
$GPRMC,065550.000,A,3603.0610,N,14007.4040,E,2.08,259.75,140710,,,A*6B
$PSEN,CO2,ppm, 0455
$GPRMC,065551.000,A,3603.0613,N,14007.4031,E,2.08,261.49,140710,,,A*6B
$GPRMC,065552.000,A,3603.0609,N,14007.4026,E,1.75,261.49,140710,,,A*6C
$PSEN,CO2,ppm, 0455
$GPRMC,065553.000,A,3603.0607,N,14007.4018,E,1.75,261.49,140710,,,A*6E
$GPRMC,065554.000,A,3603.0602,N,14007.4013,E,1.75,261.49,140710,,,A*67
$PSEN,CO2,ppm, 0459
$GPRMC,065555.000,A,3603.0601,N,14007.4006,E,1.75,261.49,140710,,,A*61
$GPRMC,065556.000,A,3603.0598,N,14007.3999,E,1.75,261.49,140710,,,A*69
$PSEN,CO2,ppm, 0456
$GPRMC,065557.000,A,3603.0596,N,14007.3989,E,1.75,248.74,140710,,,A*62
$GPRMC,065558.000,A,3603.0591,N,14007.3979,E,2.04,246.15,140710,,,A*69
$PSEN,CO2,ppm, 0456
$GPRMC,065559.000,A,3603.0586,N,14007.3974,E,2.07,246.76,140710,,,A*65
$GPRMC,065600.000,A,3603.0584,N,14007.3962,E,2.13,246.79,140710,,,A*65
$PSEN,CO2,ppm, 0457
$GPRMC,065601.000,A,3603.0579,N,14007.3955,E,1.99,242.34,140710,,,A*6E
$GPRMC,065602.000,A,3603.0574,N,14007.3948,E,1.96,242.77,140710,,,A*64
$PSEN,CO2,ppm, 0456
$GPRMC,065603.000,A,3603.0568,N,14007.3944,E,1.96,243.42,140710,,,A*63
$GPRMC,065604.000,A,3603.0568,N,14007.3934,E,1.71,243.42,140710,,,A*6A
$PSEN,CO2,ppm, 0456
$GPRMC,065605.000,A,3603.0565,N,14007.3927,E,1.71,243.42,140710,,,A*64
$PSEN,CO2,ppm, 0457
$GPRMC,065606.000,A,3603.0562,N,14007.3920,E,1.71,243.42,140710,,,A*67
$GPRMC,065607.000,A,3603.0560,N,14007.3909,E,1.72,259.33,140710,,,A*61
$PSEN,CO2,ppm, 0454
$GPRMC,065608.000,A,3603.0561,N,14007.3897,E,2.15,262.62,140710,,,A*67
$GPRMC,065609.000,A,3603.0560,N,14007.3885,E,2.40,265.99,140710,,,A*67
$PSEN,CO2,ppm, 0454
$GPRMC,065610.000,A,3603.0559,N,14007.3876,E,2.15,261.60,140710,,,A*6B
$GPRMC,065611.000,A,3603.0553,N,14007.3866,E,2.45,253.95,140710,,,A*6F
$PSEN,CO2,ppm, 0452
$GPRMC,065612.000,A,3603.0550,N,14007.3854,E,2.65,253.36,140710,,,A*65
$GPRMC,065613.000,A,3603.0545,N,14007.3844,E,2.64,252.00,140710,,,A*64
$PSEN,CO2,ppm, 0452
$GPRMC,065614.000,A,3603.0540,N,14007.3837,E,2.45,246.73,140710,,,A*60
$GPRMC,065615.000,A,3603.0533,N,14007.3834,E,2.38,245.32,140710,,,A*6A
$PSEN,CO2,ppm, 0448
$GPRMC,065616.000,A,3603.0537,N,14007.3825,E,2.31,246.00,140710,,,A*66
$GPRMC,065617.000,A,3603.0538,N,14007.3817,E,2.00,248.18,140710,,,A*6C
$PSEN,CO2,ppm, 0448
$GPRMC,065618.000,A,3603.0523,N,14007.3802,E,1.97,246.80,140710,,,A*6F
$GPRMC,065619.000,A,3603.0522,N,14007.3799,E,1.61,246.80,140710,,,A*6B
$PSEN,CO2,ppm, 0448
$GPRMC,065620.000,A,3603.0510,N,14007.3793,E,1.61,246.80,140710,,,A*6A
$GPRMC,065621.000,A,3603.0505,N,14007.3786,E,1.61,246.80,140710,,,A*6B
$PSEN,CO2,ppm, 0448
$GPRMC,065622.000,A,3603.0482,N,14007.3776,E,1.61,238.49,140710,,,A*65
$GPRMC,065623.000,A,3603.0472,N,14007.3773,E,2.09,236.50,140710,,,A*65
$PSEN,CO2,ppm, 0447
$GPRMC,065624.000,A,3603.0456,N,14007.3764,E,2.19,235.01,140710,,,A*64
$GPRMC,065625.000,A,3603.0449,N,14007.3754,E,2.79,237.95,140710,,,A*61
$PSEN,CO2,ppm, 0447
$GPRMC,065626.000,A,3603.0448,N,14007.3740,E,2.84,244.46,140710,,,A*6E
$GPRMC,065627.000,A,3603.0445,N,14007.3730,E,2.47,249.04,140710,,,A*61
$PSEN,CO2,ppm, 0445
$GPRMC,065628.000,A,3603.0440,N,14007.3721,E,2.60,246.38,140710,,,A*6E
$GPRMC,065629.000,A,3603.0439,N,14007.3709,E,3.10,251.10,140710,,,A*61
$PSEN,CO2,ppm, 0445
$GPRMC,065630.000,A,3603.0434,N,14007.3701,E,2.90,239.64,140710,,,A*68
$GPRMC,065631.000,A,3603.0422,N,14007.3702,E,3.33,236.05,140710,,,A*6D
$PSEN,CO2,ppm, 0445
$GPRMC,065632.000,A,3603.0418,N,14007.3694,E,3.42,242.60,140710,,,A*6F
$GPRMC,065633.000,A,3603.0416,N,14007.3685,E,2.51,247.78,140710,,,A*6F
$PSEN,CO2,ppm, 0444
$GPRMC,065634.000,A,3603.0425,N,14007.3667,E,2.96,244.97,140710,,,A*6D
$GPRMC,065635.000,A,3603.0427,N,14007.3656,E,2.77,226.41,140710,,,A*6C
$PSEN,CO2,ppm, 0446
$GPRMC,065636.000,A,3603.0423,N,14007.3649,E,2.75,241.38,140710,,,A*68
$GPRMC,065637.000,A,3603.0413,N,14007.3637,E,2.97,240.48,140710,,,A*69
$PSEN,CO2,ppm, 0446
$GPRMC,065638.000,A,3603.0413,N,14007.3631,E,2.32,245.44,140710,,,A*66
$GPRMC,065639.000,A,3603.0411,N,14007.3622,E,2.65,236.92,140710,,,A*6A
$PSEN,CO2,ppm, 0446
$GPRMC,065640.000,A,3603.0410,N,14007.3614,E,1.73,236.92,140710,,,A*64
$GPRMC,065641.000,A,3603.0407,N,14007.3608,E,1.73,236.92,140710,,,A*6E
$PSEN,CO2,ppm, 0450
$GPRMC,065642.000,A,3603.0404,N,14007.3602,E,1.87,236.92,140710,,,A*6F
$GPRMC,065643.000,A,3603.0396,N,14007.3595,E,2.59,240.67,140710,,,A*64
$PSEN,CO2,ppm, 0450
$GPRMC,065644.000,A,3603.0392,N,14007.3589,E,1.91,240.67,140710,,,A*6D
$GPRMC,065645.000,A,3603.0393,N,14007.3586,E,0.08,240.67,140710,,,A*63
$PSEN,CO2,ppm, 0449
$GPRMC,065646.000,A,3603.0390,N,14007.3584,E,0.11,240.67,140710,,,A*69
$PSEN,Batt,V,3.89
$PSEN,CO2,ppm, 0455
$GPRMC,065647.000,A,3603.0393,N,14007.3584,E,0.11,240.67,140710,,,A*6B
$GPRMC,065648.000,A,3603.0393,N,14007.3582,E,0.11,240.67,140710,,,A*62
$PSEN,CO2,ppm, 0455
$GPRMC,065649.000,A,3603.0390,N,14007.3574,E,0.10,240.67,140710,,,A*68
$GPRMC,065650.000,A,3603.0388,N,14007.3569,E,0.11,240.67,140710,,,A*64
$PSEN,CO2,ppm, 0460
$GPRMC,065651.000,A,3603.0379,N,14007.3570,E,0.11,240.67,140710,,,A*63
$GPRMC,065652.000,A,3603.0377,N,14007.3562,E,0.11,240.67,140710,,,A*6D
$PSEN,CO2,ppm, 0460
$GPRMC,065653.000,A,3603.0377,N,14007.3553,E,0.11,240.67,140710,,,A*6E
$GPRMC,065654.000,A,3603.0375,N,14007.3545,E,0.11,240.67,140710,,,A*6C
$PSEN,CO2,ppm, 0460
$GPRMC,065655.000,A,3603.0374,N,14007.3535,E,0.12,243.74,140710,,,A*69
$GPRMC,065656.000,A,3603.0367,N,14007.3526,E,2.17,245.11,140710,,,A*68
$PSEN,CO2,ppm, 0456
$GPRMC,065657.000,A,3603.0363,N,14007.3517,E,2.12,248.14,140710,,,A*62
$GPRMC,065658.000,A,3603.0355,N,14007.3505,E,2.36,246.34,140710,,,A*61
$PSEN,CO2,ppm, 0456
$GPRMC,065659.000,A,3603.0347,N,14007.3495,E,3.47,240.58,140710,,,A*60
$GPRMC,065700.000,A,3603.0338,N,14007.3489,E,5.33,236.87,140710,,,A*6E
$PSEN,CO2,ppm, 0456
$GPRMC,065701.000,A,3603.0331,N,14007.3475,E,4.58,223.60,140710,,,A*64
$GPRMC,065702.000,A,3603.0325,N,14007.3471,E,0.19,223.60,140710,,,A*67
$PSEN,CO2,ppm, 0457
$GPRMC,065703.000,A,3603.0321,N,14007.3467,E,0.10,223.60,140710,,,A*6C
$GPRMC,065704.000,A,3603.0316,N,14007.3466,E,0.10,223.60,140710,,,A*6E
$PSEN,CO2,ppm, 0457
$GPRMC,065705.000,A,3603.0309,N,14007.3467,E,0.11,223.60,140710,,,A*61
$GPRMC,065706.000,A,3603.0301,N,14007.3468,E,0.11,223.60,140710,,,A*65
$PSEN,CO2,ppm, 0454
$GPRMC,065707.000,A,3603.0298,N,14007.3465,E,0.11,223.60,140710,,,A*68
$GPRMC,065708.000,A,3603.0294,N,14007.3465,E,0.11,223.60,140710,,,A*6B
$PSEN,CO2,ppm, 0455
$GPRMC,065709.000,A,3603.0288,N,14007.3464,E,0.11,223.60,140710,,,A*66
$GPRMC,065710.000,A,3603.0285,N,14007.3465,E,0.11,223.60,140710,,,A*62
$PSEN,CO2,ppm, 0455
$GPRMC,065711.000,A,3603.0278,N,14007.3469,E,0.11,223.60,140710,,,A*6D
$GPRMC,065712.000,A,3603.0273,N,14007.3460,E,0.11,223.60,140710,,,A*6C
$PSEN,CO2,ppm, 0455
$GPRMC,065713.000,A,3603.0273,N,14007.3463,E,0.11,223.60,140710,,,A*6E
$GPRMC,065714.000,A,3603.0262,N,14007.3476,E,0.11,223.60,140710,,,A*6D
$PSEN,CO2,ppm, 0453
$GPRMC,065715.000,A,3603.0253,N,14007.3484,E,0.11,223.60,140710,,,A*63
$GPRMC,065716.000,A,3603.0242,N,14007.3490,E,2.24,169.54,140710,,,A*6B
$PSEN,CO2,ppm, 0453
$GPRMC,065717.000,A,3603.0230,N,14007.3484,E,3.04,186.08,140710,,,A*61
$GPRMC,065718.000,A,3603.0223,N,14007.3479,E,3.96,205.80,140710,,,A*6D
$PSEN,CO2,ppm, 0449
$GPRMC,065719.000,A,3603.0218,N,14007.3470,E,3.31,220.61,140710,,,A*68
$GPRMC,065720.000,A,3603.0221,N,14007.3464,E,1.85,220.61,140710,,,A*60
$PSEN,CO2,ppm, 0441
$GPRMC,065721.000,A,3603.0218,N,14007.3458,E,1.85,220.61,140710,,,A*64
$GPRMC,065722.000,A,3603.0215,N,14007.3453,E,0.73,220.61,140710,,,A*69
$PSEN,CO2,ppm, 0441
$GPRMC,065723.000,A,3603.0215,N,14007.3452,E,0.72,220.61,140710,,,A*68
$GPRMC,065724.000,A,3603.0212,N,14007.3450,E,0.72,220.61,140710,,,A*6A
$PSEN,CO2,ppm, 0441
$GPRMC,065725.000,A,3603.0207,N,14007.3448,E,0.72,220.61,140710,,,A*66
$GPRMC,065726.000,A,3603.0201,N,14007.3441,E,0.73,220.61,140710,,,A*6B
$PSEN,CO2,ppm, 0446
$GPRMC,065727.000,A,3603.0200,N,14007.3440,E,0.72,220.61,140710,,,A*6B
$PSEN,CO2,ppm, 0446
$GPRMC,065728.000,A,3603.0199,N,14007.3439,E,0.72,220.61,140710,,,A*69
$GPRMC,065729.000,A,3603.0200,N,14007.3438,E,0.72,220.61,140710,,,A*6A
$PSEN,CO2,ppm, 0442
$GPRMC,065730.000,A,3603.0201,N,14007.3438,E,1.05,220.61,140710,,,A*62
$GPRMC,065731.000,A,3603.0199,N,14007.3444,E,2.16,61.26,140710,,,A*5F
$PSEN,CO2,ppm, 0439
$GPRMC,065732.000,A,3603.0201,N,14007.3446,E,1.94,61.26,140710,,,A*55
$GPRMC,065733.000,A,3603.0196,N,14007.3447,E,0.11,61.26,140710,,,A*54
$PSEN,CO2,ppm, 0439
$GPRMC,065734.000,A,3603.0194,N,14007.3436,E,0.05,61.26,140710,,,A*52
$GPRMC,065735.000,A,3603.0197,N,14007.3426,E,1.28,61.26,140710,,,A*5F
$PSEN,CO2,ppm, 0442
$GPRMC,065736.000,A,3603.0199,N,14007.3417,E,1.28,61.26,140710,,,A*50
$GPRMC,065737.000,A,3603.0203,N,14007.3414,E,1.28,61.26,140710,,,A*52
$PSEN,CO2,ppm, 0442
$GPRMC,065738.000,A,3603.0199,N,14007.3409,E,1.28,61.26,140710,,,A*51
$GPRMC,065739.000,A,3603.0191,N,14007.3404,E,1.28,61.26,140710,,,A*55
$PSEN,CO2,ppm, 0441
$GPRMC,065740.000,A,3603.0189,N,14007.3401,E,1.27,61.26,140710,,,A*58
$GPRMC,065741.000,A,3603.0191,N,14007.3396,E,1.27,61.26,140710,,,A*59
$PSEN,CO2,ppm, 0440
$GPRMC,065742.000,A,3603.0190,N,14007.3394,E,1.27,61.26,140710,,,A*59
$GPRMC,065743.000,A,3603.0190,N,14007.3390,E,1.28,61.26,140710,,,A*53
$PSEN,CO2,ppm, 0440
$GPRMC,065744.000,A,3603.0186,N,14007.3387,E,1.27,61.26,140710,,,A*5A
$GPRMC,065745.000,A,3603.0187,N,14007.3384,E,1.27,61.26,140710,,,A*59
$PSEN,Batt,V,3.90
$PSEN,CO2,ppm, 0440
$GPRMC,065746.000,A,3603.0186,N,14007.3387,E,1.27,61.26,140710,,,A*58
$GPRMC,065747.000,A,3603.0186,N,14007.3390,E,1.27,61.26,140710,,,A*5F
$PSEN,CO2,ppm, 0444
$GPRMC,065748.000,A,3603.0189,N,14007.3390,E,1.27,61.26,140710,,,A*5F
$GPRMC,065749.000,A,3603.0196,N,14007.3390,E,1.27,61.26,140710,,,A*50
$PSEN,CO2,ppm, 0444
$GPRMC,065750.000,A,3603.0197,N,14007.3390,E,1.27,61.26,140710,,,A*59
$GPRMC,065751.000,A,3603.0200,N,14007.3391,E,1.27,61.26,140710,,,A*54
$PSEN,CO2,ppm, 0447
$GPRMC,065752.000,A,3603.0200,N,14007.3385,E,1.27,61.26,140710,,,A*52
$GPRMC,065753.000,A,3603.0198,N,14007.3386,E,1.27,61.26,140710,,,A*52
$PSEN,CO2,ppm, 0451
$GPRMC,065754.000,A,3603.0194,N,14007.3382,E,1.27,61.26,140710,,,A*5D
$GPRMC,065755.000,A,3603.0190,N,14007.3377,E,1.27,61.26,140710,,,A*52
$PSEN,CO2,ppm, 0451
$GPRMC,065756.000,A,3603.0188,N,14007.3373,E,1.27,61.26,140710,,,A*5C
$GPRMC,065757.000,A,3603.0189,N,14007.3369,E,1.27,61.26,140710,,,A*57
$PSEN,CO2,ppm, 0454
$GPRMC,065758.000,A,3603.0185,N,14007.3364,E,1.27,61.26,140710,,,A*59
$GPRMC,065759.000,A,3603.0186,N,14007.3366,E,1.27,61.26,140710,,,A*59
$PSEN,CO2,ppm, 0454
$GPRMC,065800.000,A,3603.0186,N,14007.3364,E,1.27,61.26,140710,,,A*58
$GPRMC,065801.000,A,3603.0188,N,14007.3362,E,1.27,61.26,140710,,,A*51
$PSEN,CO2,ppm, 0454
$GPRMC,065802.000,A,3603.0195,N,14007.3358,E,1.27,61.26,140710,,,A*57
$GPRMC,065803.000,A,3603.0196,N,14007.3358,E,1.27,61.26,140710,,,A*55
$PSEN,CO2,ppm, 0463
$GPRMC,065804.000,A,3603.0200,N,14007.3356,E,1.27,61.26,140710,,,A*50
$GPRMC,065805.000,A,3603.0201,N,14007.3363,E,1.27,61.26,140710,,,A*56
$PSEN,CO2,ppm, 0467
$GPRMC,065806.000,A,3603.0202,N,14007.3369,E,1.27,61.26,140710,,,A*5C
$GPRMC,065807.000,A,3603.0202,N,14007.3368,E,1.27,61.26,140710,,,A*5C
$PSEN,CO2,ppm, 0467
$GPRMC,065808.000,A,3603.0202,N,14007.3368,E,0.06,61.26,140710,,,A*51
$GPRMC,065809.000,A,3603.0202,N,14007.3368,E,0.06,61.26,140710,,,A*50
$PSEN,CO2,ppm, 0472
$GPRMC,065810.000,A,3603.0202,N,14007.3368,E,0.07,61.26,140710,,,A*59
$PSEN,CO2,ppm, 0468
$GPRMC,065811.000,A,3603.0202,N,14007.3369,E,0.07,61.26,140710,,,A*59
$GPRMC,065812.000,A,3603.0201,N,14007.3370,E,0.07,61.26,140710,,,A*51
$PSEN,CO2,ppm, 0468
$GPRMC,065813.000,A,3603.0200,N,14007.3370,E,0.07,61.26,140710,,,A*51
$GPRMC,065814.000,A,3603.0199,N,14007.3370,E,0.07,61.26,140710,,,A*55
$PSEN,CO2,ppm, 0466
$GPRMC,065815.000,A,3603.0198,N,14007.3369,E,0.07,61.26,140710,,,A*5D
$GPRMC,065816.000,A,3603.0198,N,14007.3369,E,0.06,61.26,140710,,,A*5F
$PSEN,CO2,ppm, 0467
$GPRMC,065817.000,A,3603.0198,N,14007.3368,E,0.06,61.26,140710,,,A*5F
$GPRMC,065818.000,A,3603.0198,N,14007.3368,E,0.07,61.26,140710,,,A*51
$PSEN,CO2,ppm, 0467
$GPRMC,065819.000,A,3603.0197,N,14007.3367,E,0.07,61.26,140710,,,A*50
$GPRMC,065820.000,A,3603.0196,N,14007.3366,E,0.07,61.26,140710,,,A*5A
$PSEN,CO2,ppm, 0471
$GPRMC,065821.000,A,3603.0195,N,14007.3365,E,0.07,61.26,140710,,,A*5B
$GPRMC,065822.000,A,3603.0191,N,14007.3362,E,0.07,61.26,140710,,,A*5B
$PSEN,CO2,ppm, 0471
$GPRMC,065823.000,A,3603.0195,N,14007.3363,E,0.07,61.26,140710,,,A*5F
$GPRMC,065824.000,A,3603.0197,N,14007.3360,E,0.07,61.26,140710,,,A*59
$PSEN,CO2,ppm, 0471
$GPRMC,065825.000,A,3603.0198,N,14007.3348,E,1.65,61.26,140710,,,A*58
$GPRMC,065826.000,A,3603.0197,N,14007.3336,E,2.28,259.58,140710,,,A*67
$PSEN,CO2,ppm, 0471
$GPRMC,065827.000,A,3603.0202,N,14007.3322,E,2.23,259.10,140710,,,A*6B
$GPRMC,065828.000,A,3603.0201,N,14007.3320,E,1.71,259.10,140710,,,A*61
$PSEN,CO2,ppm, 0471
$GPRMC,065829.000,A,3603.0203,N,14007.3311,E,1.71,259.10,140710,,,A*60
$GPRMC,065830.000,A,3603.0204,N,14007.3305,E,1.71,259.10,140710,,,A*6A
$PSEN,CO2,ppm, 0470
$GPRMC,065831.000,A,3603.0199,N,14007.3299,E,1.71,259.10,140710,,,A*68
$GPRMC,065832.000,A,3603.0198,N,14007.3294,E,1.71,259.10,140710,,,A*67
$PSEN,CO2,ppm, 0470
$GPRMC,065833.000,A,3603.0197,N,14007.3291,E,1.71,259.10,140710,,,A*6C
$GPRMC,065834.000,A,3603.0196,N,14007.3283,E,1.71,259.10,140710,,,A*69
$PSEN,CO2,ppm, 0470
$GPRMC,065835.000,A,3603.0200,N,14007.3281,E,1.71,259.10,140710,,,A*66
$GPRMC,065836.000,A,3603.0200,N,14007.3277,E,1.71,259.10,140710,,,A*6C
$PSEN,CO2,ppm, 0467
$GPRMC,065837.000,A,3603.0195,N,14007.3269,E,1.71,259.10,140710,,,A*6D
$GPRMC,065838.000,A,3603.0193,N,14007.3266,E,1.71,259.10,140710,,,A*6B
$PSEN,CO2,ppm, 0467
$GPRMC,065839.000,A,3603.0190,N,14007.3261,E,1.71,259.10,140710,,,A*6E
$GPRMC,065840.000,A,3603.0189,N,14007.3259,E,1.71,259.10,140710,,,A*63
$PSEN,CO2,ppm, 0467
$GPRMC,065841.000,A,3603.0195,N,14007.3264,E,1.70,259.10,140710,,,A*60
$GPRMC,065842.000,A,3603.0197,N,14007.3267,E,1.70,259.10,140710,,,A*62
$PSEN,CO2,ppm, 0463
$GPRMC,065843.000,A,3603.0200,N,14007.3269,E,1.70,259.10,140710,,,A*60
$GPRMC,065844.000,A,3603.0204,N,14007.3267,E,1.70,259.10,140710,,,A*6D
$PSEN,Batt,V,3.88
$PSEN,CO2,ppm, 0468
$GPRMC,065845.000,A,3603.0207,N,14007.3264,E,1.71,259.10,140710,,,A*6D
$GPRMC,065846.000,A,3603.0210,N,14007.3260,E,1.71,259.10,140710,,,A*6C
$PSEN,CO2,ppm, 0468
$GPRMC,065847.000,A,3603.0218,N,14007.3246,E,1.71,259.10,140710,,,A*61
$GPRMC,065848.000,A,3603.0223,N,14007.3238,E,1.71,259.10,140710,,,A*6F
$PSEN,CO2,ppm, 0471
$GPRMC,065849.000,A,3603.0225,N,14007.3233,E,1.71,259.10,140710,,,A*63
$GPRMC,065850.000,A,3603.0227,N,14007.3229,E,1.71,259.10,140710,,,A*62
$PSEN,CO2,ppm, 0470
$GPRMC,065851.000,A,3603.0228,N,14007.3223,E,1.71,280.81,140710,,,A*6A
$PSEN,CO2,ppm, 0470
$GPRMC,065852.000,A,3603.0230,N,14007.3217,E,2.16,274.27,140710,,,A*62
$GPRMC,065853.000,A,3603.0236,N,14007.3210,E,2.03,274.43,140710,,,A*64
$PSEN,CO2,ppm, 0466
$GPRMC,065854.000,A,3603.0236,N,14007.3205,E,1.74,274.43,140710,,,A*64
$GPRMC,065855.000,A,3603.0237,N,14007.3196,E,1.74,274.43,140710,,,A*6D
$PSEN,CO2,ppm, 0468
$GPRMC,065856.000,A,3603.0242,N,14007.3187,E,1.75,274.43,140710,,,A*6D
$GPRMC,065857.000,A,3603.0247,N,14007.3173,E,1.75,278.50,140710,,,A*6C
$PSEN,CO2,ppm, 0468
$GPRMC,065858.000,A,3603.0251,N,14007.3160,E,2.33,273.56,140710,,,A*6A
$GPRMC,065859.000,A,3603.0253,N,14007.3147,E,2.14,272.16,140710,,,A*6C
$PSEN,CO2,ppm, 0469
$GPRMC,065900.000,A,3603.0249,N,14007.3146,E,0.12,272.16,140710,,,A*6F
$GPRMC,065901.000,A,3603.0250,N,14007.3139,E,0.06,272.16,140710,,,A*6B
$PSEN,CO2,ppm, 0469
$GPRMC,065902.000,A,3603.0249,N,14007.3132,E,0.02,272.16,140710,,,A*6F
$GPRMC,065903.000,A,3603.0247,N,14007.3127,E,0.02,272.16,140710,,,A*64
$PSEN,CO2,ppm, 0468
$GPRMC,065904.000,A,3603.0247,N,14007.3120,E,0.05,272.16,140710,,,A*63
$GPRMC,065905.000,A,3603.0247,N,14007.3109,E,2.21,264.37,140710,,,A*69
$PSEN,CO2,ppm, 0469
$GPRMC,065906.000,A,3603.0233,N,14007.3100,E,2.66,252.42,140710,,,A*64
$GPRMC,065907.000,A,3603.0229,N,14007.3092,E,2.59,248.86,140710,,,A*6B
$PSEN,CO2,ppm, 0469
$GPRMC,065908.000,A,3603.0227,N,14007.3083,E,2.74,250.13,140710,,,A*60
$GPRMC,065909.000,A,3603.0226,N,14007.3073,E,2.73,249.70,140710,,,A*65
$PSEN,CO2,ppm, 0468
$GPRMC,065910.000,A,3603.0227,N,14007.3058,E,3.06,253.99,140710,,,A*6A
$GPRMC,065911.000,A,3603.0224,N,14007.3049,E,2.31,251.35,140710,,,A*69
$PSEN,CO2,ppm, 0468
$GPRMC,065912.000,A,3603.0222,N,14007.3041,E,2.54,248.29,140710,,,A*62
$GPRMC,065913.000,A,3603.0220,N,14007.3034,E,2.63,240.34,140710,,,A*63
$PSEN,CO2,ppm, 0468
$GPRMC,065914.000,A,3603.0215,N,14007.3025,E,2.54,235.42,140710,,,A*65
$GPRMC,065915.000,A,3603.0208,N,14007.3020,E,2.75,227.94,140710,,,A*66
$PSEN,CO2,ppm, 0464
$GPRMC,065916.000,A,3603.0196,N,14007.3012,E,2.41,226.21,140710,,,A*68
$GPRMC,065917.000,A,3603.0191,N,14007.3005,E,1.60,226.21,140710,,,A*68
$PSEN,CO2,ppm, 0464
$GPRMC,065918.000,A,3603.0190,N,14007.2998,E,1.60,226.21,140710,,,A*6A
$GPRMC,065919.000,A,3603.0185,N,14007.2992,E,1.60,226.21,140710,,,A*65
$PSEN,CO2,ppm, 0464
$GPRMC,065920.000,A,3603.0178,N,14007.2989,E,1.60,226.21,140710,,,A*67
$GPRMC,065921.000,A,3603.0175,N,14007.2989,E,0.80,226.21,140710,,,A*64
$PSEN,CO2,ppm, 0466
$GPRMC,065922.000,A,3603.0166,N,14007.2984,E,0.80,226.21,140710,,,A*68
$GPRMC,065923.000,A,3603.0161,N,14007.2980,E,0.80,226.21,140710,,,A*6A
$PSEN,CO2,ppm, 0466
$GPRMC,065924.000,A,3603.0160,N,14007.2972,E,0.80,226.21,140710,,,A*61
$GPRMC,065925.000,A,3603.0157,N,14007.2963,E,0.80,226.21,140710,,,A*64
$PSEN,CO2,ppm, 0466
$GPRMC,065926.000,A,3603.0156,N,14007.2950,E,1.66,226.21,140710,,,A*6F
$GPRMC,065927.000,A,3603.0160,N,14007.2940,E,1.66,270.59,140710,,,A*66
$PSEN,CO2,ppm, 0462
$GPRMC,065928.000,A,3603.0162,N,14007.2928,E,2.30,272.59,140710,,,A*67
$GPRMC,065929.000,A,3603.0164,N,14007.2919,E,2.30,272.11,140710,,,A*6E
$PSEN,CO2,ppm, 0457
$GPRMC,065930.000,A,3603.0164,N,14007.2912,E,2.22,276.15,140710,,,A*6E
$GPRMC,065931.000,A,3603.0167,N,14007.2904,E,1.91,276.15,140710,,,A*60
$PSEN,CO2,ppm, 0457
$GPRMC,065932.000,A,3603.0170,N,14007.2895,E,1.91,276.15,140710,,,A*6C
$GPRMC,065933.000,A,3603.0170,N,14007.2886,E,1.91,273.35,140710,,,A*68
$PSEN,CO2,ppm, 0453
$GPRMC,065934.000,A,3603.0168,N,14007.2879,E,2.07,270.21,140710,,,A*6C
$PSEN,CO2,ppm, 0448
$GPRMC,065935.000,A,3603.0167,N,14007.2873,E,2.30,263.26,140710,,,A*69
$GPRMC,065936.000,A,3603.0170,N,14007.2862,E,2.74,265.28,140710,,,A*64
$PSEN,CO2,ppm, 0448
$GPRMC,065937.000,A,3603.0176,N,14007.2853,E,2.75,267.80,140710,,,A*60
$GPRMC,065938.000,A,3603.0183,N,14007.2844,E,2.87,270.52,140710,,,A*67
$PSEN,CO2,ppm, 0444
$GPRMC,065939.000,A,3603.0187,N,14007.2833,E,2.71,270.43,140710,,,A*6B
$GPRMC,065940.000,A,3603.0192,N,14007.2828,E,2.50,270.10,140710,,,A*6E
$PSEN,CO2,ppm, 0444
$GPRMC,065941.000,A,3603.0191,N,14007.2818,E,2.36,266.34,140710,,,A*6E
$GPRMC,065942.000,A,3603.0195,N,14007.2809,E,2.34,267.67,140710,,,A*6C
$PSEN,Batt,V,3.89
$PSEN,CO2,ppm, 0444
$GPRMC,065943.000,A,3603.0198,N,14007.2800,E,2.31,267.27,140710,,,A*68
$GPRMC,065944.000,A,3603.0204,N,14007.2791,E,2.05,273.31,140710,,,A*6B
$PSEN,CO2,ppm, 0445
$GPRMC,065945.000,A,3603.0202,N,14007.2784,E,2.00,273.97,140710,,,A*61
$GPRMC,065946.000,A,3603.0194,N,14007.2777,E,1.98,269.83,140710,,,A*6E
$PSEN,CO2,ppm, 0445
$GPRMC,065947.000,A,3603.0194,N,14007.2772,E,2.04,269.90,140710,,,A*6E
$GPRMC,065948.000,A,3603.0196,N,14007.2765,E,2.07,270.24,140710,,,A*61
$PSEN,CO2,ppm, 0445
$GPRMC,065949.000,A,3603.0194,N,14007.2762,E,1.95,269.67,140710,,,A*62
$GPRMC,065950.000,A,3603.0192,N,14007.2757,E,1.77,269.67,140710,,,A*66
$PSEN,CO2,ppm, 0445
$GPRMC,065951.000,A,3603.0190,N,14007.2751,E,1.77,269.67,140710,,,A*63
$GPRMC,065952.000,A,3603.0191,N,14007.2746,E,1.76,269.67,140710,,,A*66
$PSEN,CO2,ppm, 0445
$GPRMC,065953.000,A,3603.0181,N,14007.2740,E,1.76,269.67,140710,,,A*60
$GPRMC,065954.000,A,3603.0179,N,14007.2735,E,1.76,269.67,140710,,,A*62
$PSEN,CO2,ppm, 0444
$GPRMC,065955.000,A,3603.0178,N,14007.2733,E,1.76,269.67,140710,,,A*64
$GPRMC,065956.000,A,3603.0167,N,14007.2727,E,1.76,269.67,140710,,,A*6C
$PSEN,CO2,ppm, 0444
$GPRMC,065957.000,A,3603.0162,N,14007.2722,E,1.76,269.67,140710,,,A*6D
$GPRMC,065958.000,A,3603.0162,N,14007.2717,E,1.76,269.67,140710,,,A*64
$PSEN,CO2,ppm, 0444
$GPRMC,065959.000,A,3603.0159,N,14007.2706,E,1.77,269.67,140710,,,A*6C
$GPRMC,070000.000,A,3603.0159,N,14007.2699,E,1.77,269.67,140710,,,A*6A
$PSEN,CO2,ppm, 0442
$GPRMC,070001.000,A,3603.0160,N,14007.2695,E,1.76,269.67,140710,,,A*6C
$GPRMC,070002.000,A,3603.0161,N,14007.2687,E,1.76,269.67,140710,,,A*6D
$PSEN,CO2,ppm, 0446
$GPRMC,070003.000,A,3603.0161,N,14007.2678,E,1.76,269.67,140710,,,A*6C
$GPRMC,070004.000,A,3603.0160,N,14007.2671,E,1.76,269.67,140710,,,A*63
$PSEN,CO2,ppm, 0446
$GPRMC,070005.000,A,3603.0161,N,14007.2663,E,1.76,269.67,140710,,,A*60
$GPRMC,070006.000,A,3603.0164,N,14007.2654,E,1.77,269.67,140710,,,A*63
$PSEN,CO2,ppm, 0446
$GPRMC,070007.000,A,3603.0177,N,14007.2639,E,1.77,284.98,140710,,,A*68
$GPRMC,070008.000,A,3603.0184,N,14007.2620,E,2.15,284.88,140710,,,A*65
$PSEN,CO2,ppm, 0449
$GPRMC,070009.000,A,3603.0188,N,14007.2607,E,2.28,284.49,140710,,,A*6E
$GPRMC,070010.000,A,3603.0198,N,14007.2590,E,2.45,283.24,140710,,,A*6D
$PSEN,CO2,ppm, 0449
$GPRMC,070011.000,A,3603.0198,N,14007.2581,E,2.53,277.16,140710,,,A*61
$GPRMC,070012.000,A,3603.0193,N,14007.2577,E,2.28,274.26,140710,,,A*6C
$PSEN,CO2,ppm, 0454
$GPRMC,070013.000,A,3603.0194,N,14007.2569,E,2.05,271.96,140710,,,A*64
$GPRMC,070014.000,A,3603.0191,N,14007.2563,E,2.13,267.69,140710,,,A*6C
$PSEN,CO2,ppm, 0454
$GPRMC,070015.000,A,3603.0189,N,14007.2555,E,2.33,261.40,140710,,,A*6E
$PSEN,CO2,ppm, 0454
$GPRMC,070016.000,A,3603.0203,N,14007.2540,E,2.48,265.22,140710,,,A*64
$GPRMC,070017.000,A,3603.0196,N,14007.2530,E,2.24,265.38,140710,,,A*6C
$PSEN,CO2,ppm, 0455
$GPRMC,070018.000,A,3603.0198,N,14007.2523,E,2.15,269.76,140710,,,A*6B
$GPRMC,070019.000,A,3603.0197,N,14007.2521,E,1.96,258.34,140710,,,A*6B
$PSEN,CO2,ppm, 0452
$GPRMC,070020.000,A,3603.0198,N,14007.2515,E,1.75,258.34,140710,,,A*64
$GPRMC,070021.000,A,3603.0199,N,14007.2506,E,1.75,258.34,140710,,,A*66
$PSEN,CO2,ppm, 0452
$GPRMC,070022.000,A,3603.0201,N,14007.2496,E,1.75,258.34,140710,,,A*6F
$GPRMC,070023.000,A,3603.0200,N,14007.2488,E,1.75,258.34,140710,,,A*60
$PSEN,CO2,ppm, 0449
$GPRMC,070024.000,A,3603.0202,N,14007.2480,E,1.75,258.34,140710,,,A*6D
$GPRMC,070025.000,A,3603.0206,N,14007.2472,E,1.75,258.34,140710,,,A*65
$PSEN,CO2,ppm, 0449
$GPRMC,070026.000,A,3603.0206,N,14007.2458,E,1.75,282.49,140710,,,A*63
$GPRMC,070027.000,A,3603.0213,N,14007.2448,E,2.35,285.48,140710,,,A*66
$PSEN,CO2,ppm, 0446
$GPRMC,070028.000,A,3603.0211,N,14007.2434,E,2.32,285.11,140710,,,A*6B
$GPRMC,070029.000,A,3603.0208,N,14007.2423,E,2.05,280.46,140710,,,A*67
$PSEN,CO2,ppm, 0449
$GPRMC,070030.000,A,3603.0206,N,14007.2416,E,1.93,280.46,140710,,,A*6B
$GPRMC,070031.000,A,3603.0207,N,14007.2409,E,1.93,278.07,140710,,,A*67
$PSEN,CO2,ppm, 0449
$GPRMC,070032.000,A,3603.0209,N,14007.2399,E,2.20,273.94,140710,,,A*6E
$GPRMC,070033.000,A,3603.0211,N,14007.2396,E,2.03,273.63,140710,,,A*60
$PSEN,CO2,ppm, 0449
$GPRMC,070034.000,A,3603.0211,N,14007.2392,E,1.82,273.63,140710,,,A*69
$GPRMC,070035.000,A,3603.0206,N,14007.2384,E,1.82,273.63,140710,,,A*69
$PSEN,CO2,ppm, 0453
$GPRMC,070036.000,A,3603.0211,N,14007.2376,E,1.82,273.63,140710,,,A*61
$GPRMC,070037.000,A,3603.0212,N,14007.2370,E,1.82,273.63,140710,,,A*65
$PSEN,CO2,ppm, 0453
$GPRMC,070038.000,A,3603.0211,N,14007.2365,E,1.82,273.63,140710,,,A*6D
$GPRMC,070039.000,A,3603.0207,N,14007.2358,E,1.82,273.63,140710,,,A*65
$PSEN,CO2,ppm, 0453
$GPRMC,070040.000,A,3603.0204,N,14007.2351,E,1.82,273.63,140710,,,A*61
$GPRMC,070041.000,A,3603.0205,N,14007.2343,E,1.83,270.31,140710,,,A*67
$PSEN,Batt,V,3.88
$PSEN,CO2,ppm, 0455
$GPRMC,070042.000,A,3603.0194,N,14007.2332,E,2.12,261.84,140710,,,A*6C
$GPRMC,070043.000,A,3603.0191,N,14007.2323,E,2.29,260.02,140710,,,A*6F
$PSEN,CO2,ppm, 0455
$GPRMC,070044.000,A,3603.0188,N,14007.2315,E,2.26,259.68,140710,,,A*6C
$GPRMC,070045.000,A,3603.0183,N,14007.2306,E,2.30,256.45,140710,,,A*63
$PSEN,CO2,ppm, 0453
$GPRMC,070046.000,A,3603.0181,N,14007.2296,E,2.12,262.76,140710,,,A*6D
$GPRMC,070047.000,A,3603.0174,N,14007.2282,E,2.08,262.23,140710,,,A*68
$PSEN,CO2,ppm, 0457
$GPRMC,070048.000,A,3603.0170,N,14007.2274,E,1.82,262.23,140710,,,A*6B
$GPRMC,070049.000,A,3603.0168,N,14007.2267,E,1.82,262.23,140710,,,A*61
$PSEN,CO2,ppm, 0457
$GPRMC,070050.000,A,3603.0164,N,14007.2262,E,1.82,262.23,140710,,,A*60
$GPRMC,070051.000,A,3603.0161,N,14007.2261,E,1.82,262.23,140710,,,A*67
$PSEN,CO2,ppm, 0458
$GPRMC,070052.000,A,3603.0149,N,14007.2258,E,1.82,262.23,140710,,,A*64
$GPRMC,070053.000,A,3603.0145,N,14007.2247,E,1.82,262.23,140710,,,A*67
$PSEN,CO2,ppm, 0462
$GPRMC,070054.000,A,3603.0151,N,14007.2239,E,1.82,262.23,140710,,,A*6C
$GPRMC,070055.000,A,3603.0151,N,14007.2234,E,1.82,262.23,140710,,,A*60
$PSEN,CO2,ppm, 0462
$GPRMC,070056.000,A,3603.0160,N,14007.2221,E,1.81,262.23,140710,,,A*66
$GPRMC,070057.000,A,3603.0170,N,14007.2209,E,1.82,262.23,140710,,,A*6F
$PSEN,CO2,ppm, 0465
$GPRMC,070058.000,A,3603.0186,N,14007.2185,E,1.82,262.23,140710,,,A*6E
$PSEN,CO2,ppm, 0468
$GPRMC,070059.000,A,3603.0191,N,14007.2174,E,1.82,262.23,140710,,,A*67
$GPRMC,070100.000,A,3603.0185,N,14007.2171,E,1.82,271.28,140710,,,A*63
$PSEN,CO2,ppm, 0468
$GPRMC,070101.000,A,3603.0189,N,14007.2169,E,2.07,283.23,140710,,,A*6F
$GPRMC,070102.000,A,3603.0197,N,14007.2154,E,2.23,284.28,140710,,,A*67
$PSEN,CO2,ppm, 0468
$GPRMC,070103.000,A,3603.0199,N,14007.2145,E,2.14,286.53,140710,,,A*62
$GPRMC,070104.000,A,3603.0201,N,14007.2136,E,1.77,286.53,140710,,,A*65
$PSEN,CO2,ppm, 0468
$GPRMC,070105.000,A,3603.0200,N,14007.2127,E,1.77,286.53,140710,,,A*65
$GPRMC,070106.000,A,3603.0201,N,14007.2119,E,1.78,286.53,140710,,,A*65
$PSEN,CO2,ppm, 0468
$GPRMC,070107.000,A,3603.0200,N,14007.2110,E,1.78,277.60,140710,,,A*62
$GPRMC,070108.000,A,3603.0202,N,14007.2099,E,2.18,278.00,140710,,,A*63
$PSEN,CO2,ppm, 0471
$GPRMC,070109.000,A,3603.0203,N,14007.2090,E,1.96,278.25,140710,,,A*68
$GPRMC,070110.000,A,3603.0205,N,14007.2079,E,1.70,278.25,140710,,,A*69
$PSEN,CO2,ppm, 0471
$GPRMC,070111.000,A,3603.0206,N,14007.2070,E,1.70,278.25,140710,,,A*62
$GPRMC,070112.000,A,3603.0206,N,14007.2066,E,1.69,278.25,140710,,,A*6E
$PSEN,CO2,ppm, 0471
$GPRMC,070113.000,A,3603.0207,N,14007.2059,E,1.70,278.25,140710,,,A*6A
$GPRMC,070114.000,A,3603.0207,N,14007.2051,E,1.69,278.25,140710,,,A*6D
$PSEN,CO2,ppm, 0473
$GPRMC,070115.000,A,3603.0217,N,14007.2048,E,1.70,278.25,140710,,,A*6D
$GPRMC,070116.000,A,3603.0221,N,14007.2044,E,1.69,278.25,140710,,,A*6F
$PSEN,CO2,ppm, 0473
$GPRMC,070117.000,A,3603.0223,N,14007.2042,E,1.69,278.25,140710,,,A*6A
$GPRMC,070118.000,A,3603.0226,N,14007.2038,E,1.69,278.25,140710,,,A*6D
$PSEN,CO2,ppm, 0476
$GPRMC,070119.000,A,3603.0230,N,14007.2034,E,1.69,278.25,140710,,,A*67
$GPRMC,070120.000,A,3603.0233,N,14007.2031,E,1.69,278.25,140710,,,A*6B
$PSEN,CO2,ppm, 0477
$GPRMC,070121.000,A,3603.0234,N,14007.2030,E,1.69,278.25,140710,,,A*6C
$GPRMC,070122.000,A,3603.0237,N,14007.2026,E,1.69,278.25,140710,,,A*6B
$PSEN,CO2,ppm, 0477
$GPRMC,070123.000,A,3603.0240,N,14007.2022,E,1.70,278.25,140710,,,A*66
$GPRMC,070124.000,A,3603.0246,N,14007.2012,E,1.70,308.42,140710,,,A*63
$PSEN,CO2,ppm, 0482
$GPRMC,070125.000,A,3603.0251,N,14007.2006,E,1.86,308.42,140710,,,A*68
$GPRMC,070126.000,A,3603.0255,N,14007.1998,E,1.86,308.42,140710,,,A*62
$PSEN,CO2,ppm, 0483
$GPRMC,070127.000,A,3603.0258,N,14007.1992,E,1.86,308.42,140710,,,A*64
$GPRMC,070128.000,A,3603.0260,N,14007.1987,E,1.86,308.42,140710,,,A*64
$PSEN,CO2,ppm, 0483
$GPRMC,070129.000,A,3603.0263,N,14007.1982,E,1.86,308.42,140710,,,A*63
$GPRMC,070130.000,A,3603.0263,N,14007.1977,E,1.85,308.42,140710,,,A*62
$PSEN,CO2,ppm, 0484
$GPRMC,070131.000,A,3603.0268,N,14007.1974,E,1.85,308.42,140710,,,A*6B
$GPRMC,070132.000,A,3603.0270,N,14007.1972,E,1.85,308.42,140710,,,A*67
$PSEN,CO2,ppm, 0483
$GPRMC,070133.000,A,3603.0273,N,14007.1972,E,1.85,308.42,140710,,,A*65
$GPRMC,070134.000,A,3603.0280,N,14007.1964,E,1.85,308.42,140710,,,A*69
$PSEN,CO2,ppm, 0483
$GPRMC,070135.000,A,3603.0288,N,14007.1958,E,1.86,308.42,140710,,,A*6C
$GPRMC,070136.000,A,3603.0296,N,14007.1949,E,1.86,308.42,140710,,,A*60
$PSEN,CO2,ppm, 0483
$GPRMC,070137.000,A,3603.0301,N,14007.1941,E,1.86,308.42,140710,,,A*66
$GPRMC,070138.000,A,3603.0306,N,14007.1929,E,1.86,308.42,140710,,,A*60
$PSEN,CO2,ppm, 0483
$GPRMC,070139.000,A,3603.0308,N,14007.1921,E,1.86,308.42,140710,,,A*67
$PSEN,Batt,V,3.89
$PSEN,CO2,ppm, 0483
$GPRMC,070140.000,A,3603.0310,N,14007.1913,E,1.86,308.42,140710,,,A*61
$GPRMC,070141.000,A,3603.0316,N,14007.1902,E,1.86,308.42,140710,,,A*66
$PSEN,CO2,ppm, 0481
$GPRMC,070142.000,A,3603.0307,N,14007.1893,E,1.86,308.42,140710,,,A*6C
$GPRMC,070143.000,A,3603.0320,N,14007.1886,E,1.85,308.42,140710,,,A*6F
$PSEN,CO2,ppm, 0477
$GPRMC,070144.000,A,3603.0323,N,14007.1879,E,1.85,308.42,140710,,,A*6B
$GPRMC,070145.000,A,3603.0323,N,14007.1872,E,1.86,308.42,140710,,,A*62
$PSEN,CO2,ppm, 0477
$GPRMC,070146.000,A,3603.0311,N,14007.1862,E,1.86,308.42,140710,,,A*61
$GPRMC,070147.000,A,3603.0310,N,14007.1851,E,1.86,308.42,140710,,,A*61
$PSEN,CO2,ppm, 0474
$GPRMC,070148.000,A,3603.0307,N,14007.1843,E,1.86,258.68,140710,,,A*67
$GPRMC,070149.000,A,3603.0305,N,14007.1836,E,2.28,253.43,140710,,,A*63
$PSEN,CO2,ppm, 0474
$GPRMC,070150.000,A,3603.0301,N,14007.1828,E,2.08,249.11,140710,,,A*6E
$GPRMC,070151.000,A,3603.0299,N,14007.1820,E,2.04,244.01,140710,,,A*67
$PSEN,CO2,ppm, 0472
$GPRMC,070152.000,A,3603.0298,N,14007.1815,E,1.95,242.99,140710,,,A*6F
$GPRMC,070153.000,A,3603.0299,N,14007.1812,E,1.39,242.99,140710,,,A*6E
$PSEN,CO2,ppm, 0469
$GPRMC,070154.000,A,3603.0299,N,14007.1804,E,1.38,242.99,140710,,,A*6F
$GPRMC,070155.000,A,3603.0297,N,14007.1796,E,1.38,242.99,140710,,,A*64
$PSEN,CO2,ppm, 0469
$GPRMC,070156.000,A,3603.0296,N,14007.1791,E,1.38,242.99,140710,,,A*61
$GPRMC,070157.000,A,3603.0302,N,14007.1780,E,1.38,242.99,140710,,,A*6C
$PSEN,CO2,ppm, 0468
$GPRMC,070158.000,A,3603.0306,N,14007.1772,E,1.38,242.99,140710,,,A*6A
$GPRMC,070159.000,A,3603.0304,N,14007.1768,E,1.38,242.99,140710,,,A*62
$PSEN,CO2,ppm, 0468
$GPRMC,070200.000,A,3603.0304,N,14007.1762,E,1.38,242.99,140710,,,A*67
$GPRMC,070201.000,A,3603.0305,N,14007.1749,E,1.38,242.99,140710,,,A*6E
$PSEN,CO2,ppm, 0468
$GPRMC,070202.000,A,3603.0303,N,14007.1738,E,1.38,242.99,140710,,,A*6D
$GPRMC,070203.000,A,3603.0302,N,14007.1728,E,1.38,242.99,140710,,,A*6C
$PSEN,CO2,ppm, 0464
$GPRMC,070204.000,A,3603.0302,N,14007.1719,E,1.38,242.99,140710,,,A*69
$GPRMC,070205.000,A,3603.0303,N,14007.1712,E,1.38,242.99,140710,,,A*62
$PSEN,CO2,ppm, 0464
$GPRMC,070206.000,A,3603.0304,N,14007.1704,E,1.39,242.99,140710,,,A*60
$GPRMC,070207.000,A,3603.0305,N,14007.1698,E,1.39,242.99,140710,,,A*64
$PSEN,CO2,ppm, 0464
$GPRMC,070208.000,A,3603.0304,N,14007.1695,E,1.38,242.99,140710,,,A*66
$GPRMC,070209.000,A,3603.0302,N,14007.1690,E,1.38,242.99,140710,,,A*64
$PSEN,CO2,ppm, 0462
$GPRMC,070210.000,A,3603.0301,N,14007.1687,E,1.37,242.99,140710,,,A*66
$GPRMC,070211.000,A,3603.0301,N,14007.1677,E,1.38,242.99,140710,,,A*67
$PSEN,CO2,ppm, 0462
$GPRMC,070212.000,A,3603.0299,N,14007.1667,E,1.43,242.99,140710,,,A*69
$GPRMC,070213.000,A,3603.0302,N,14007.1655,E,2.30,266.73,140710,,,A*6F
$PSEN,CO2,ppm, 0462
$GPRMC,070214.000,A,3603.0310,N,14007.1638,E,2.88,271.37,140710,,,A*65
$GPRMC,070215.000,A,3603.0312,N,14007.1629,E,2.66,273.33,140710,,,A*60
$PSEN,CO2,ppm, 0462
$GPRMC,070216.000,A,3603.0311,N,14007.1625,E,1.89,273.33,140710,,,A*6E
$GPRMC,070217.000,A,3603.0309,N,14007.1621,E,1.88,273.33,140710,,,A*63
$PSEN,CO2,ppm, 0458
$GPRMC,070218.000,A,3603.0307,N,14007.1616,E,1.88,273.33,140710,,,A*66
$GPRMC,070219.000,A,3603.0306,N,14007.1612,E,1.88,273.33,140710,,,A*62
$PSEN,CO2,ppm, 0458
$GPRMC,070220.000,A,3603.0307,N,14007.1610,E,1.88,273.33,140710,,,A*6B
$PSEN,CO2,ppm, 0459
$GPRMC,070221.000,A,3603.0307,N,14007.1608,E,1.87,273.33,140710,,,A*6C
$GPRMC,070222.000,A,3603.0308,N,14007.1606,E,1.87,273.33,140710,,,A*6E
$PSEN,CO2,ppm, 0459
$GPRMC,070223.000,A,3603.0315,N,14007.1603,E,1.87,273.33,140710,,,A*66
$GPRMC,070224.000,A,3603.0319,N,14007.1601,E,1.87,273.33,140710,,,A*6F
$PSEN,CO2,ppm, 0459
$GPRMC,070225.000,A,3603.0320,N,14007.1596,E,1.87,273.33,140710,,,A*69
$GPRMC,070226.000,A,3603.0314,N,14007.1595,E,1.88,273.33,140710,,,A*61
$PSEN,CO2,ppm, 0455
$GPRMC,070227.000,A,3603.0311,N,14007.1595,E,1.88,273.33,140710,,,A*65
$GPRMC,070228.000,A,3603.0312,N,14007.1591,E,1.88,273.33,140710,,,A*6D
$PSEN,CO2,ppm, 0455
$GPRMC,070229.000,A,3603.0310,N,14007.1589,E,1.88,273.33,140710,,,A*67
$GPRMC,070230.000,A,3603.0309,N,14007.1587,E,1.88,273.33,140710,,,A*69
$PSEN,CO2,ppm, 0455
$GPRMC,070231.000,A,3603.0307,N,14007.1585,E,1.88,273.33,140710,,,A*64
$GPRMC,070232.000,A,3603.0307,N,14007.1584,E,1.87,273.33,140710,,,A*69
$PSEN,CO2,ppm, 0460
$GPRMC,070233.000,A,3603.0307,N,14007.1581,E,1.87,273.33,140710,,,A*6D
$GPRMC,070234.000,A,3603.0308,N,14007.1579,E,1.87,273.33,140710,,,A*62
$PSEN,CO2,ppm, 0460
$GPRMC,070235.000,A,3603.0309,N,14007.1576,E,1.88,273.33,140710,,,A*62
$GPRMC,070236.000,A,3603.0310,N,14007.1573,E,1.88,273.33,140710,,,A*6C
